/* * Data converted from /Users/judes/Documents/Arduino/Bubu_Motion_V1/Bubu_Motion/main/assets/common/bubu_happy1.ogg
 */
.data
#if !defined (__APPLE__) && !defined (__linux__)
.section .rodata.embedded
#endif

.global bubu_happy1_ogg
bubu_happy1_ogg:

.global _binary_bubu_happy1_ogg_start
_binary_bubu_happy1_ogg_start: /* for objcopy compatibility */
.byte 0x4f, 0x67, 0x67, 0x53, 0x00, 0x02, 0x00, 0x00, 0x00, 0x00, 0x00, 0x00, 0x00, 0x00, 0xd1, 0x30
.byte 0xd8, 0x12, 0x00, 0x00, 0x00, 0x00, 0xad, 0xa4, 0xa1, 0x82, 0x01, 0x13, 0x4f, 0x70, 0x75, 0x73
.byte 0x48, 0x65, 0x61, 0x64, 0x01, 0x01, 0x38, 0x01, 0xc0, 0x5d, 0x00, 0x00, 0x00, 0x00, 0x00, 0x4f
.byte 0x67, 0x67, 0x53, 0x00, 0x00, 0x00, 0x00, 0x00, 0x00, 0x00, 0x00, 0x00, 0x00, 0xd1, 0x30, 0xd8
.byte 0x12, 0x01, 0x00, 0x00, 0x00, 0x95, 0xf8, 0x9a, 0x7f, 0x01, 0x3d, 0x4f, 0x70, 0x75, 0x73, 0x54
.byte 0x61, 0x67, 0x73, 0x0c, 0x00, 0x00, 0x00, 0x4c, 0x61, 0x76, 0x66, 0x36, 0x32, 0x2e, 0x33, 0x2e
.byte 0x31, 0x30, 0x30, 0x01, 0x00, 0x00, 0x00, 0x1d, 0x00, 0x00, 0x00, 0x65, 0x6e, 0x63, 0x6f, 0x64
.byte 0x65, 0x72, 0x3d, 0x4c, 0x61, 0x76, 0x63, 0x36, 0x32, 0x2e, 0x31, 0x31, 0x2e, 0x31, 0x30, 0x30
.byte 0x20, 0x6c, 0x69, 0x62, 0x6f, 0x70, 0x75, 0x73, 0x4f, 0x67, 0x67, 0x53, 0x00, 0x00, 0x80, 0xbb
.byte 0x00, 0x00, 0x00, 0x00, 0x00, 0x00, 0xd1, 0x30, 0xd8, 0x12, 0x02, 0x00, 0x00, 0x00, 0x0b, 0x61
.byte 0x7c, 0x31, 0x3a, 0xfb, 0xff, 0x28, 0x7b, 0xff, 0x43, 0xca, 0xc3, 0xca, 0xff, 0x36, 0xdf, 0xdd
.byte 0x81, 0x73, 0x77, 0xff, 0x2a, 0xcc, 0xc3, 0xc1, 0xc8, 0xcb, 0xcb, 0xc2, 0xff, 0x28, 0x80, 0x7c
.byte 0x80, 0x7e, 0x7b, 0xff, 0x18, 0xdf, 0xb6, 0xa4, 0xb0, 0x9f, 0xff, 0x26, 0x7c, 0x7f, 0x7e, 0x76
.byte 0x80, 0xff, 0x1a, 0xb6, 0xb5, 0xd5, 0xdd, 0xec, 0xc1, 0xb7, 0xb7, 0xc7, 0xbb, 0xd8, 0x7f, 0xf2
.byte 0x86, 0x13, 0x03, 0x55, 0xf0, 0x6d, 0xe2, 0xc8, 0x18, 0xcf, 0xa8, 0xba, 0x7e, 0x68, 0x4b, 0x74
.byte 0x52, 0x2e, 0x7e, 0x50, 0xa6, 0xf3, 0x78, 0xd3, 0x6c, 0x22, 0xe1, 0x40, 0x4c, 0x67, 0x3b, 0x34
.byte 0x02, 0x99, 0xde, 0x7e, 0x06, 0x3a, 0x80, 0xe0, 0x7a, 0x60, 0x43, 0x3d, 0x97, 0x58, 0xd9, 0x07
.byte 0x08, 0xaa, 0xc0, 0x26, 0xa7, 0x51, 0xf7, 0x08, 0x5c, 0xad, 0x5f, 0x18, 0x5b, 0xde, 0xe8, 0xd8
.byte 0x98, 0x4c, 0xfe, 0x5a, 0x12, 0xe2, 0x58, 0xe3, 0x0f, 0x83, 0xd0, 0x75, 0x17, 0x6d, 0xc0, 0xab
.byte 0x53, 0x35, 0x76, 0x52, 0x09, 0x46, 0x6e, 0xbc, 0x04, 0xce, 0x76, 0x6c, 0xfe, 0x76, 0xce, 0xd9
.byte 0x97, 0xfc, 0x88, 0x98, 0x48, 0x68, 0x51, 0xa3, 0xa6, 0xfa, 0xfb, 0x71, 0xdc, 0xfb, 0xd0, 0xce
.byte 0xd6, 0x6e, 0x94, 0x40, 0x6a, 0xb5, 0xf6, 0x4f, 0x8e, 0x73, 0x83, 0xe1, 0xa6, 0xc4, 0xe2, 0x0b
.byte 0xf9, 0xd5, 0xda, 0xc9, 0x50, 0x2b, 0x86, 0x9e, 0x66, 0xdf, 0xaf, 0x9f, 0xda, 0xc2, 0x39, 0x0e
.byte 0xab, 0xa2, 0x22, 0x48, 0x8d, 0x3d, 0xcf, 0xa2, 0xaf, 0xcb, 0x0d, 0xb2, 0x8b, 0x4e, 0x4e, 0x29
.byte 0x99, 0x7c, 0x2c, 0x93, 0xc0, 0x3f, 0x21, 0x3d, 0xc5, 0x6f, 0x2b, 0x7c, 0x63, 0x20, 0xe2, 0xc2
.byte 0xcb, 0x34, 0x41, 0x8a, 0xe7, 0xb8, 0x13, 0x38, 0xdf, 0xad, 0x76, 0x4d, 0x76, 0x58, 0x96, 0x1d
.byte 0x65, 0x09, 0x32, 0xfa, 0x76, 0xeb, 0x72, 0xf6, 0xb7, 0x26, 0xd4, 0xf1, 0x22, 0xcb, 0xe5, 0x79
.byte 0x76, 0x09, 0x9c, 0xe8, 0x7d, 0x46, 0x76, 0x2c, 0x7c, 0x05, 0x3c, 0x78, 0x73, 0xde, 0xe9, 0xa4
.byte 0x8a, 0xde, 0x7c, 0x81, 0x77, 0xec, 0x97, 0xbb, 0xea, 0x4f, 0xd8, 0xa6, 0x46, 0x8d, 0xda, 0x9a
.byte 0xbe, 0xbc, 0x1f, 0x8a, 0x01, 0x62, 0x05, 0x9b, 0xd8, 0x7b, 0xd6, 0x8c, 0x72, 0xee, 0x3f, 0x66
.byte 0x50, 0xc5, 0xec, 0x49, 0x15, 0xbb, 0x52, 0x6d, 0x62, 0x98, 0xc2, 0xdb, 0xc8, 0x5e, 0x8d, 0x4f
.byte 0xa1, 0x39, 0x38, 0x9d, 0x6f, 0xc9, 0x56, 0x47, 0x39, 0xbf, 0xe5, 0x7c, 0xdc, 0xbf, 0xb8, 0xe2
.byte 0xfb, 0x29, 0xdf, 0x85, 0xe0, 0xb7, 0x79, 0x64, 0x29, 0x3e, 0x0d, 0x52, 0x78, 0x9a, 0x53, 0xe5
.byte 0x22, 0x2e, 0xe3, 0xbd, 0xb2, 0x7a, 0xa2, 0x9a, 0x90, 0x7e, 0xee, 0x30, 0x57, 0x43, 0xc8, 0xbd
.byte 0xec, 0x0c, 0x4c, 0xc0, 0xcc, 0x2c, 0x45, 0x63, 0x42, 0xa2, 0xd0, 0x57, 0xcd, 0xe4, 0xd8, 0x68
.byte 0x85, 0x99, 0x80, 0x2a, 0xf0, 0x8d, 0x44, 0x1c, 0x96, 0x98, 0xdd, 0x5f, 0xe0, 0x20, 0xb3, 0x80
.byte 0x5f, 0x7b, 0xa4, 0x7a, 0xd7, 0x49, 0xc9, 0xf0, 0x25, 0xc1, 0xae, 0x57, 0x68, 0xbe, 0xde, 0xc6
.byte 0x43, 0x1a, 0x0f, 0x98, 0x41, 0x80, 0x93, 0xb0, 0x00, 0x01, 0x49, 0x24, 0xbf, 0xe4, 0x37, 0x27
.byte 0x1a, 0x2c, 0x64, 0x20, 0xd7, 0x90, 0x0e, 0x58, 0xaa, 0xaf, 0x9c, 0x2a, 0x50, 0x63, 0xec, 0x9b
.byte 0x4c, 0xe3, 0xe5, 0x3c, 0x96, 0x4c, 0x18, 0x00, 0xd7, 0x83, 0x3d, 0xf0, 0xa0, 0x9c, 0x3f, 0xc9
.byte 0xf6, 0x16, 0x05, 0x99, 0x08, 0x6b, 0x10, 0xbc, 0x92, 0x31, 0x06, 0xa0, 0xb3, 0x3b, 0xdc, 0xca
.byte 0xe3, 0x05, 0x3c, 0xfb, 0xf5, 0x19, 0x7e, 0x17, 0xb5, 0x46, 0x97, 0xc5, 0x61, 0x33, 0x95, 0x3e
.byte 0xb7, 0x69, 0xe4, 0x67, 0xc0, 0x4b, 0xbc, 0x36, 0xa4, 0x7b, 0xc4, 0x4b, 0xd5, 0x69, 0xf5, 0xc5
.byte 0xbe, 0x21, 0x97, 0xad, 0x1d, 0xda, 0xd3, 0xd9, 0x44, 0x24, 0x58, 0xdf, 0x5f, 0x42, 0x77, 0xd8
.byte 0xcd, 0xa3, 0xd5, 0x43, 0x6f, 0x36, 0xa0, 0x92, 0x01, 0x1e, 0x34, 0x8d, 0xa1, 0xc7, 0x72, 0x57
.byte 0xf2, 0xbb, 0x9e, 0x3b, 0x86, 0xae, 0x5f, 0xb2, 0xbc, 0x06, 0x6c, 0xad, 0x2e, 0x88, 0x27, 0x77
.byte 0x44, 0xb4, 0xe8, 0xbc, 0x89, 0x21, 0x41, 0x29, 0xbf, 0x5b, 0xed, 0xc1, 0x16, 0x4f, 0x24, 0xcc
.byte 0x80, 0xe1, 0xea, 0x8b, 0x56, 0x19, 0x32, 0x1c, 0x9f, 0x83, 0xbc, 0x13, 0xf0, 0xb6, 0x57, 0xd8
.byte 0x5a, 0x82, 0x41, 0xbf, 0x8b, 0x3b, 0x0e, 0x79, 0x5a, 0xe5, 0xb8, 0x23, 0xd2, 0xd8, 0x42, 0x0e
.byte 0x7b, 0xfa, 0xc1, 0xec, 0x85, 0xda, 0x0c, 0x83, 0xe3, 0x4b, 0x22, 0xf4, 0x84, 0x88, 0x02, 0xa1
.byte 0x32, 0x85, 0x9b, 0xbf, 0xba, 0x90, 0xd8, 0x68, 0xaf, 0xae, 0x80, 0x0b, 0x5e, 0x22, 0xbf, 0x54
.byte 0xd0, 0xcf, 0x2a, 0xb8, 0x7e, 0x91, 0x81, 0x56, 0x7f, 0x4e, 0xb9, 0xe7, 0x19, 0x34, 0x49, 0x61
.byte 0x89, 0xc3, 0xf3, 0x2c, 0xce, 0xca, 0x8f, 0x3c, 0xb1, 0x74, 0x56, 0x9f, 0x42, 0x89, 0x19, 0xaa
.byte 0x8a, 0x13, 0xc9, 0x58, 0x75, 0x9f, 0x32, 0x81, 0x3b, 0xf8, 0x2a, 0x91, 0x83, 0x80, 0x7b, 0x5f
.byte 0x43, 0x1b, 0x1b, 0x8e, 0xe5, 0xeb, 0xf5, 0x6a, 0xdb, 0xa2, 0xe9, 0x4a, 0xeb, 0xf4, 0xd4, 0x92
.byte 0x04, 0x8f, 0x61, 0xfb, 0x94, 0xcf, 0x80, 0xd3, 0x71, 0x76, 0xd8, 0x7e, 0xe8, 0x26, 0x6b, 0x82
.byte 0x6b, 0x26, 0xa1, 0x61, 0x42, 0xb1, 0x1e, 0x23, 0x41, 0x60, 0xa9, 0x92, 0x80, 0xc6, 0x99, 0xf3
.byte 0xc6, 0xc8, 0xaa, 0x3b, 0xb0, 0x86, 0x39, 0x21, 0x79, 0xd7, 0x04, 0x03, 0x22, 0x6a, 0x29, 0xd0
.byte 0xdf, 0x12, 0x84, 0xca, 0xc5, 0x86, 0xcb, 0xf1, 0x2b, 0xd3, 0x95, 0xb1, 0xed, 0x34, 0x76, 0xe8
.byte 0x84, 0x60, 0x89, 0xee, 0xa4, 0xf8, 0xfd, 0x12, 0x28, 0xe4, 0x95, 0x5f, 0x32, 0xa4, 0xce, 0x63
.byte 0x3a, 0xd2, 0x59, 0x7a, 0x41, 0xe7, 0x89, 0xbc, 0x48, 0x11, 0x37, 0x25, 0x64, 0x7c, 0x1e, 0x95
.byte 0x75, 0x3f, 0x37, 0xfc, 0x2e, 0xfa, 0x3f, 0x0e, 0xc3, 0x2c, 0x92, 0xe0, 0xcf, 0x10, 0x7a, 0xf1
.byte 0x11, 0xf4, 0xab, 0xf7, 0x2b, 0xf8, 0xc3, 0xc0, 0x83, 0x23, 0x89, 0x23, 0x6c, 0x24, 0xb4, 0xa1
.byte 0x02, 0xde, 0x67, 0xef, 0xe1, 0xb1, 0x4a, 0x06, 0x56, 0x23, 0x93, 0x55, 0x7d, 0x85, 0x67, 0xc0
.byte 0x99, 0xf2, 0x05, 0xb0, 0x2b, 0xe0, 0x83, 0xf6, 0x2a, 0xd5, 0xc4, 0x0d, 0x3f, 0xf5, 0x5a, 0x6f
.byte 0x41, 0xea, 0xf0, 0xa5, 0x42, 0x1e, 0xf7, 0x98, 0x42, 0x88, 0x69, 0x1c, 0xc4, 0x22, 0x96, 0x68
.byte 0xc7, 0x57, 0x56, 0x9a, 0x75, 0x14, 0xad, 0x0b, 0xca, 0xff, 0x33, 0xd7, 0xff, 0xfa, 0x06, 0x9a
.byte 0x79, 0x66, 0x01, 0xe1, 0x8b, 0xbb, 0x1d, 0x4d, 0x42, 0x60, 0x1b, 0x1e, 0xe7, 0x59, 0x6b, 0xc4
.byte 0x15, 0x5b, 0x67, 0x66, 0xe8, 0x15, 0xd6, 0x5b, 0x55, 0x30, 0x7a, 0xa0, 0xb0, 0x64, 0xc1, 0x27
.byte 0x2b, 0xa1, 0xf2, 0xd0, 0x2a, 0x9a, 0xb1, 0x82, 0x96, 0xf1, 0xc1, 0x94, 0x0c, 0x1c, 0x3a, 0xdf
.byte 0x26, 0x58, 0x3b, 0x9b, 0x4c, 0x22, 0x9b, 0x39, 0xbf, 0xd6, 0x69, 0x14, 0xbb, 0xc4, 0xfe, 0xd7
.byte 0x3a, 0xbb, 0x16, 0x3c, 0xf9, 0xf6, 0x12, 0x04, 0x99, 0xcc, 0x7c, 0xb6, 0x31, 0x8a, 0x62, 0xdf
.byte 0x6a, 0x89, 0xc9, 0x9e, 0x77, 0x6e, 0x84, 0x05, 0x7c, 0x81, 0x61, 0x9f, 0xdd, 0xda, 0xa4, 0xd6
.byte 0x0e, 0x3f, 0xb2, 0x50, 0xb6, 0xbd, 0x10, 0xf1, 0x53, 0x0b, 0x04, 0xc4, 0xed, 0xfc, 0x36, 0xd0
.byte 0x13, 0xd2, 0xee, 0x69, 0x66, 0x5d, 0x7c, 0xa6, 0x64, 0x58, 0x50, 0x06, 0xe6, 0xf6, 0x3d, 0xc0
.byte 0x5e, 0x95, 0x7b, 0xe8, 0xaf, 0xf7, 0x2b, 0x43, 0x42, 0xdc, 0xf8, 0xd5, 0xd8, 0xb0, 0x4a, 0x30
.byte 0x8b, 0x73, 0xbb, 0x49, 0x33, 0xbd, 0x93, 0x31, 0xad, 0x5d, 0xee, 0x87, 0xbd, 0xb5, 0xde, 0x78
.byte 0xb6, 0xbd, 0xdf, 0x2f, 0x89, 0x5f, 0x19, 0xc6, 0x9b, 0xcf, 0x8a, 0x5a, 0xae, 0xa2, 0x13, 0xfe
.byte 0x54, 0xfc, 0x28, 0x87, 0x8c, 0xc6, 0x40, 0x36, 0x5b, 0x07, 0x04, 0xa3, 0x3b, 0x64, 0xf2, 0x2e
.byte 0x8f, 0x6a, 0x4c, 0x76, 0x5d, 0xb8, 0x7c, 0x03, 0xbf, 0xfe, 0x11, 0xd2, 0x0e, 0x2e, 0xf2, 0x55
.byte 0x18, 0xbe, 0x63, 0x0f, 0x65, 0x26, 0xac, 0xb8, 0xba, 0x8f, 0x18, 0xbb, 0x4b, 0xa7, 0xad, 0xcb
.byte 0x72, 0x3a, 0x2e, 0xce, 0xbb, 0x86, 0xb1, 0x0a, 0x68, 0x50, 0x53, 0x74, 0x4c, 0xe8, 0xf4, 0x1a
.byte 0xc1, 0xb3, 0xc2, 0xc0, 0x44, 0xa4, 0xd6, 0xc8, 0xf2, 0x6b, 0xad, 0xee, 0x19, 0xb1, 0x41, 0x2a
.byte 0x1c, 0xa8, 0x62, 0x6b, 0x04, 0x82, 0xdb, 0x37, 0x43, 0x8e, 0x24, 0x09, 0x55, 0x81, 0xad, 0xc0
.byte 0x59, 0x14, 0x59, 0x6f, 0xa5, 0x45, 0x85, 0xda, 0x01, 0x78, 0x77, 0xff, 0x7d, 0xa6, 0xff, 0x68
.byte 0xf7, 0xc3, 0x34, 0x5b, 0x47, 0x77, 0x29, 0x27, 0x7e, 0x00, 0x64, 0xcd, 0x3d, 0x4a, 0x63, 0x94
.byte 0x52, 0xa2, 0xe5, 0x03, 0xde, 0xb1, 0x3f, 0x88, 0x44, 0xbe, 0x9e, 0x4b, 0x84, 0xe0, 0x4d, 0x8f
.byte 0x37, 0x5c, 0x54, 0x74, 0x48, 0x94, 0xb4, 0x57, 0x91, 0x8a, 0x37, 0x7e, 0x76, 0x0a, 0xe8, 0xb9
.byte 0xa5, 0xad, 0x1e, 0x9c, 0x8f, 0x07, 0xd8, 0xad, 0x7f, 0xf6, 0xd0, 0xd5, 0xe4, 0x7d, 0xea, 0xeb
.byte 0xe8, 0x8c, 0xd6, 0x76, 0x84, 0x65, 0xb8, 0x82, 0xe1, 0xe1, 0x1f, 0x05, 0xc9, 0xfc, 0x17, 0xfe
.byte 0x2e, 0x48, 0xdd, 0x67, 0x40, 0x5b, 0xba, 0xbb, 0x3f, 0xc1, 0xde, 0x05, 0x99, 0x63, 0xdf, 0xd3
.byte 0x94, 0x23, 0x2a, 0x8d, 0xce, 0xa0, 0x5e, 0x45, 0x89, 0x47, 0x96, 0x9f, 0xdd, 0x10, 0x8f, 0xef
.byte 0x74, 0x1d, 0xd8, 0x42, 0x6c, 0xcb, 0x4f, 0xc0, 0xba, 0xad, 0xde, 0x1c, 0x17, 0xe4, 0x9b, 0x3b
.byte 0x5d, 0xd8, 0x8d, 0x64, 0xa9, 0xfb, 0xe6, 0xfe, 0x03, 0xbc, 0x8a, 0xa0, 0x1b, 0x6f, 0xb2, 0x98
.byte 0xa7, 0xf6, 0xd5, 0xe5, 0xcd, 0xfd, 0x33, 0x1c, 0x7b, 0xc4, 0x59, 0x63, 0xe9, 0x9e, 0x21, 0x2c
.byte 0x1c, 0x0d, 0xde, 0xc2, 0xaa, 0x2b, 0xf4, 0xf2, 0x45, 0xa9, 0xf8, 0x3a, 0xa4, 0x35, 0x56, 0x7c
.byte 0x46, 0x08, 0x31, 0xc2, 0x9a, 0x43, 0xe8, 0x90, 0x0c, 0x5e, 0x27, 0xb3, 0xf4, 0x0d, 0x18, 0x1a
.byte 0xb7, 0x4c, 0xb2, 0xc6, 0x07, 0xf3, 0x16, 0x4c, 0xff, 0x14, 0xdf, 0x54, 0x63, 0x9c, 0x7c, 0x79
.byte 0x62, 0x20, 0x8a, 0x10, 0xcf, 0x46, 0x08, 0xf6, 0xe7, 0x7b, 0x36, 0xed, 0x6e, 0x84, 0x7c, 0xaf
.byte 0x7d, 0xb7, 0x94, 0xa3, 0x0e, 0x09, 0xe0, 0xf7, 0xb9, 0xbb, 0xf6, 0xe8, 0x47, 0xd9, 0x79, 0x3d
.byte 0x3b, 0x98, 0x93, 0x3e, 0xc1, 0x68, 0xc4, 0xc9, 0x0b, 0xd8, 0x22, 0x24, 0x99, 0x23, 0x55, 0x6b
.byte 0xf1, 0xfa, 0x6f, 0x32, 0x4c, 0xc7, 0x59, 0xbe, 0x3b, 0x0c, 0xa2, 0x91, 0x67, 0x54, 0x4c, 0xc0
.byte 0xe7, 0xd0, 0x14, 0x71, 0x7c, 0xac, 0xd2, 0x91, 0x3a, 0xc4, 0x7b, 0x59, 0x4e, 0x46, 0xa8, 0x2c
.byte 0x34, 0xc2, 0xbe, 0x75, 0x7c, 0x57, 0xa2, 0x65, 0x2c, 0x7c, 0xd6, 0xd2, 0x73, 0xc4, 0x85, 0x62
.byte 0xf5, 0x79, 0x08, 0xa1, 0xeb, 0xb7, 0xbf, 0xbb, 0x88, 0xc7, 0xf5, 0xf4, 0x22, 0xe0, 0xbe, 0x75
.byte 0xfb, 0x01, 0x28, 0x21, 0x9d, 0xcd, 0xfd, 0x1a, 0xc1, 0x36, 0xe8, 0xac, 0x28, 0xd5, 0xbb, 0x59
.byte 0x0f, 0x2b, 0x7f, 0xba, 0xa6, 0xbd, 0xcc, 0x20, 0xb0, 0x3c, 0x67, 0xe3, 0xb0, 0xd4, 0xac, 0x27
.byte 0x50, 0xaa, 0x52, 0x63, 0x66, 0xd9, 0x81, 0xd9, 0xd4, 0x9a, 0x63, 0xc9, 0x5d, 0x4c, 0x6d, 0x47
.byte 0xd3, 0x98, 0x6f, 0xd4, 0x40, 0x9f, 0xf0, 0x4b, 0x9c, 0xe3, 0x83, 0x28, 0xcb, 0x5d, 0xb4, 0x1c
.byte 0xa4, 0x5a, 0x9c, 0x0d, 0x32, 0x65, 0x68, 0xd7, 0x7b, 0xba, 0x0e, 0xe0, 0xb1, 0xb9, 0x0c, 0x34
.byte 0xa0, 0x73, 0x26, 0x55, 0x2d, 0x7b, 0xda, 0x44, 0xd5, 0x27, 0x39, 0xf3, 0x97, 0xcb, 0xfd, 0x0a
.byte 0x5f, 0x5c, 0x25, 0xbe, 0xae, 0x21, 0x2e, 0xde, 0x09, 0x0e, 0x94, 0x92, 0x24, 0xee, 0x6e, 0x92
.byte 0x61, 0xdf, 0x61, 0xff, 0xa2, 0x9c, 0xcc, 0xda, 0x44, 0xf0, 0x56, 0x10, 0xcd, 0x4c, 0x11, 0x5c
.byte 0x51, 0x1f, 0xa3, 0xd8, 0x7b, 0x0e, 0x8c, 0xb1, 0x13, 0x56, 0x33, 0x75, 0xf7, 0xee, 0xc2, 0x4f
.byte 0x57, 0x8a, 0x34, 0xe5, 0xc1, 0xc0, 0x78, 0x81, 0x5d, 0xf7, 0xc0, 0x3c, 0x99, 0xa5, 0xa7, 0xb7
.byte 0xd8, 0x31, 0x6d, 0x78, 0x77, 0x41, 0xea, 0xbc, 0x7d, 0xff, 0x82, 0xfe, 0x89, 0x55, 0xe1, 0x1b
.byte 0xc5, 0x63, 0xc5, 0xfc, 0x35, 0x4c, 0xcb, 0xcf, 0x72, 0xc9, 0xd5, 0x0b, 0xb2, 0x6a, 0x52, 0x5c
.byte 0xb0, 0x0b, 0x01, 0x29, 0x43, 0x83, 0xee, 0x38, 0xce, 0x56, 0x33, 0xaf, 0xb9, 0xb4, 0xe2, 0xc6
.byte 0x63, 0xa1, 0x31, 0x49, 0xa1, 0x4e, 0x9b, 0x40, 0xe9, 0x95, 0xb6, 0xc0, 0xe3, 0x58, 0x25, 0xc0
.byte 0x88, 0x97, 0xde, 0x39, 0xf3, 0x75, 0xb2, 0x7e, 0xda, 0x0c, 0x2e, 0xc9, 0x03, 0x72, 0xfb, 0x1e
.byte 0x96, 0x33, 0x56, 0xe1, 0x24, 0xe9, 0x5b, 0x0a, 0x10, 0x63, 0x31, 0x91, 0xc4, 0x7a, 0x5a, 0xe9
.byte 0x05, 0x48, 0x64, 0x5b, 0x5b, 0x51, 0xb0, 0xe4, 0xb9, 0xa8, 0xcd, 0x41, 0x52, 0x64, 0x7a, 0x6c
.byte 0xc0, 0xb9, 0x14, 0x58, 0x81, 0x0d, 0x61, 0xc7, 0x42, 0x23, 0xf6, 0xa7, 0xca, 0xd5, 0xfa, 0x92
.byte 0xa8, 0x71, 0xd3, 0x16, 0xda, 0xe9, 0x08, 0x3d, 0xb9, 0xd1, 0x73, 0x8e, 0x90, 0x71, 0x00, 0x35
.byte 0xa5, 0xce, 0xa6, 0x62, 0x42, 0x63, 0x38, 0xeb, 0xc1, 0xd0, 0xa8, 0xe6, 0xfa, 0x9f, 0x89, 0xcf
.byte 0x83, 0x59, 0x41, 0x24, 0x09, 0xca, 0x03, 0x07, 0xe4, 0xf8, 0xcb, 0x0f, 0x59, 0x4a, 0x74, 0xa1
.byte 0xc9, 0x3a, 0x97, 0x81, 0x31, 0x55, 0x7b, 0xb9, 0x72, 0x2d, 0xe7, 0xb6, 0xcc, 0xa6, 0x17, 0xc4
.byte 0x26, 0x44, 0x80, 0x68, 0x36, 0x4f, 0x5b, 0xdb, 0xa2, 0x1b, 0x77, 0xb2, 0x65, 0x39, 0x7e, 0x1f
.byte 0x8a, 0x62, 0x58, 0xda, 0x55, 0x54, 0x22, 0x43, 0x18, 0x18, 0x78, 0x1f, 0x49, 0xef, 0x3e, 0x35
.byte 0x1a, 0xa5, 0x97, 0x1e, 0xb9, 0xda, 0x48, 0xb7, 0x1f, 0x89, 0xa1, 0xbb, 0x39, 0xcf, 0xb8, 0x25
.byte 0x99, 0x55, 0xf6, 0xf2, 0xc6, 0x69, 0x37, 0x7a, 0xb8, 0x75, 0x81, 0xc7, 0xb1, 0x1c, 0xf8, 0x5f
.byte 0x5e, 0xab, 0x78, 0x10, 0xa3, 0xe9, 0x8e, 0xea, 0xe6, 0x61, 0xf2, 0x85, 0x05, 0xf7, 0x1a, 0x44
.byte 0xbe, 0x30, 0x08, 0xf0, 0x59, 0xb9, 0x03, 0xc7, 0xd8, 0x7b, 0xc3, 0xea, 0x75, 0x3f, 0x8a, 0x5c
.byte 0x3d, 0x29, 0xe3, 0x9f, 0x24, 0xec, 0xc3, 0x35, 0x33, 0x1e, 0x66, 0x6d, 0x0e, 0xec, 0xfc, 0x9f
.byte 0x9d, 0xdf, 0x31, 0x6c, 0x96, 0xe2, 0xb0, 0x1a, 0xc1, 0x20, 0x9b, 0x75, 0x8b, 0x4c, 0x54, 0xa9
.byte 0xa4, 0x12, 0xf9, 0x7b, 0xea, 0x67, 0xf8, 0xd1, 0x74, 0xf1, 0x31, 0x7f, 0x9d, 0xb6, 0x2c, 0xb9
.byte 0x0e, 0x37, 0x2b, 0x2b, 0x5e, 0x81, 0xde, 0xb5, 0x09, 0x77, 0x3c, 0x05, 0x80, 0xdf, 0x50, 0xb2
.byte 0xb8, 0x94, 0x09, 0x2f, 0x4b, 0xec, 0x35, 0xe9, 0xc2, 0xf0, 0x5a, 0xc5, 0xdc, 0x3e, 0xfb, 0x98
.byte 0x22, 0xd4, 0x09, 0xf4, 0x5e, 0x18, 0x44, 0xe8, 0x9e, 0xb1, 0xee, 0x85, 0x30, 0x81, 0x74, 0xf8
.byte 0xe0, 0x28, 0x3a, 0xf8, 0x8c, 0xe5, 0x03, 0x0d, 0x2b, 0x2e, 0x3c, 0x51, 0x1f, 0xf0, 0x4c, 0x65
.byte 0x63, 0x47, 0xac, 0x86, 0xc3, 0x66, 0x19, 0x90, 0x9c, 0x82, 0x8e, 0x0a, 0x3b, 0x2e, 0x4f, 0x5b
.byte 0xc8, 0xe0, 0x69, 0x4a, 0xd3, 0xa2, 0xdb, 0x23, 0xbe, 0x1b, 0x44, 0xec, 0xfa, 0xed, 0xcc, 0x61
.byte 0x77, 0x63, 0xfd, 0x9a, 0x37, 0x29, 0x24, 0x30, 0x44, 0x37, 0x4d, 0xc4, 0xe6, 0x55, 0xc3, 0xa3
.byte 0x85, 0xfc, 0xbd, 0xba, 0x8d, 0x09, 0x66, 0x3b, 0xe8, 0x70, 0x18, 0xf2, 0x20, 0xc1, 0x0e, 0x47
.byte 0xbf, 0xc5, 0xef, 0x57, 0xc1, 0xbd, 0xa2, 0xc2, 0xdf, 0xf8, 0xab, 0xd5, 0x22, 0xac, 0xcf, 0xf3
.byte 0xbc, 0x42, 0xa9, 0x39, 0x2f, 0xf4, 0x94, 0xa2, 0x8d, 0x88, 0xba, 0xd6, 0xc1, 0x4d, 0xbc, 0xc0
.byte 0x5c, 0xbb, 0x62, 0xf9, 0x4c, 0xe6, 0xc5, 0xd8, 0x7b, 0xc8, 0xf4, 0x51, 0xe5, 0x76, 0x99, 0x1c
.byte 0xd3, 0x7a, 0x85, 0x81, 0xad, 0xea, 0xa4, 0x04, 0xbd, 0x44, 0x14, 0x56, 0x48, 0x92, 0x94, 0xd4
.byte 0x7d, 0xa4, 0x92, 0x1c, 0xe8, 0x47, 0x95, 0xac, 0x1b, 0x4f, 0xea, 0xd6, 0x3b, 0xcd, 0xca, 0x5d
.byte 0x4e, 0xe2, 0xa2, 0xd2, 0xa5, 0x12, 0xcb, 0x5f, 0x9d, 0x15, 0x1e, 0x95, 0xc5, 0xcd, 0xe8, 0x98
.byte 0x58, 0x80, 0x18, 0x62, 0x8b, 0xc7, 0x80, 0x5c, 0xd6, 0x5a, 0x27, 0x30, 0x25, 0xcf, 0x0a, 0xc7
.byte 0x8c, 0xbc, 0xbb, 0xd3, 0xc5, 0xed, 0xb7, 0xd6, 0xa1, 0x4d, 0x31, 0x3b, 0x47, 0xb6, 0x8f, 0xd4
.byte 0xcc, 0x48, 0xa8, 0x39, 0xff, 0x2a, 0xde, 0x55, 0x00, 0x7e, 0xb1, 0xd4, 0x14, 0xb9, 0xf5, 0x34
.byte 0xf0, 0xe7, 0x16, 0x26, 0x27, 0x2d, 0x7d, 0x21, 0xe4, 0x19, 0x26, 0x84, 0x5e, 0x9c, 0xcd, 0xbc
.byte 0x9f, 0x76, 0xe5, 0x3a, 0x3b, 0x46, 0x2c, 0x04, 0x0f, 0xa9, 0x1c, 0x5a, 0x9b, 0xc7, 0x79, 0xc7
.byte 0x0a, 0xd4, 0xdc, 0xb0, 0x98, 0x87, 0x1d, 0xb9, 0x19, 0xd0, 0xdc, 0xe6, 0xfd, 0x0f, 0x61, 0x2c
.byte 0x3d, 0xa1, 0xf8, 0x6a, 0x34, 0xa2, 0x6e, 0xe1, 0x41, 0x49, 0xdc, 0xb3, 0x4a, 0x03, 0x34, 0x50
.byte 0x50, 0x03, 0xc4, 0x3a, 0x7d, 0xf0, 0x65, 0xcd, 0x02, 0x10, 0x17, 0xf9, 0xab, 0xe7, 0xa9, 0x5d
.byte 0x9a, 0xb9, 0x5a, 0xd3, 0x99, 0xff, 0x7e, 0x3c, 0x27, 0x6b, 0xc6, 0x32, 0xda, 0x98, 0x4e, 0xb3
.byte 0x06, 0x62, 0x20, 0x59, 0x26, 0x79, 0xac, 0x05, 0xfd, 0xfc, 0x9a, 0xe5, 0xb4, 0xf3, 0x94, 0xef
.byte 0x24, 0x1e, 0x95, 0x03, 0xd8, 0x5b, 0x79, 0x36, 0x09, 0xbb, 0xc5, 0xde, 0xc9, 0xdd, 0x85, 0x78
.byte 0x43, 0x09, 0x87, 0x9d, 0x51, 0x98, 0xca, 0x69, 0x7b, 0x2d, 0xc6, 0x1b, 0x71, 0xd7, 0x56, 0x2b
.byte 0xed, 0x0f, 0x36, 0xed, 0x12, 0x86, 0xa6, 0x9f, 0x56, 0x6e, 0xe8, 0xee, 0xa5, 0xf6, 0x63, 0x2e
.byte 0xb9, 0x24, 0x81, 0xb9, 0x45, 0x86, 0x8a, 0xa4, 0xd3, 0x52, 0x3f, 0x72, 0x2a, 0x10, 0x62, 0x9b
.byte 0x0c, 0x44, 0x0c, 0x1c, 0xf0, 0xca, 0x33, 0x88, 0x08, 0xcb, 0x7d, 0xb6, 0x10, 0x5d, 0x19, 0xac
.byte 0x20, 0xfe, 0x4c, 0x9b, 0x1a, 0x30, 0x43, 0x81, 0x61, 0x90, 0xa5, 0x06, 0x5a, 0x82, 0xbb, 0xeb
.byte 0x1e, 0x03, 0x43, 0x27, 0x6b, 0xae, 0xf4, 0x0c, 0xd2, 0x0c, 0x6b, 0x34, 0x37, 0xb3, 0x4b, 0x7b
.byte 0xd3, 0x4a, 0x1e, 0x42, 0xc5, 0xf4, 0x8e, 0x6d, 0x71, 0x77, 0xa1, 0xb5, 0x84, 0x3f, 0xa3, 0x1f
.byte 0x5e, 0xeb, 0x2b, 0x5b, 0x91, 0xd8, 0x53, 0xef, 0xf8, 0xa0, 0x6e, 0x30, 0xec, 0x61, 0xa1, 0x25
.byte 0xd8, 0xac, 0x28, 0x16, 0xaa, 0x06, 0x4a, 0xf4, 0x0c, 0xc7, 0x07, 0xfe, 0x38, 0x18, 0xf4, 0x4e
.byte 0x30, 0xd5, 0xf6, 0x9d, 0xe6, 0x24, 0xc8, 0x03, 0xae, 0xe2, 0x6a, 0xe4, 0x50, 0x3a, 0x25, 0x52
.byte 0xd8, 0x79, 0xed, 0x77, 0xb2, 0x5d, 0x5b, 0xfe, 0x2c, 0x5e, 0x90, 0xdd, 0x93, 0xc9, 0x28, 0x9b
.byte 0x92, 0x0e, 0x18, 0xef, 0x09, 0x22, 0xaf, 0x62, 0x94, 0xd0, 0x42, 0xf5, 0x86, 0xb5, 0xd3, 0x4a
.byte 0x02, 0x7c, 0xd2, 0xfc, 0xbe, 0xe2, 0x9c, 0x05, 0x59, 0xce, 0x2c, 0xb1, 0x7b, 0xcc, 0x18, 0x7a
.byte 0x48, 0x72, 0x58, 0x89, 0x84, 0xc3, 0x77, 0x1a, 0x34, 0xdc, 0xc6, 0x16, 0xbd, 0x0e, 0xf7, 0x24
.byte 0xd5, 0x50, 0xbe, 0xd4, 0x1c, 0x2d, 0x93, 0x1b, 0xd8, 0x53, 0xd5, 0x6d, 0x39, 0xf3, 0x41, 0xaf
.byte 0x70, 0x46, 0x11, 0x90, 0x97, 0x92, 0x0d, 0x36, 0x51, 0x94, 0xed, 0x86, 0x56, 0x7e, 0x30, 0x73
.byte 0x29, 0x29, 0xca, 0x58, 0x32, 0x3c, 0x30, 0xb2, 0xc6, 0xff, 0xb8, 0x82, 0x8c, 0xca, 0x96, 0x29
.byte 0x69, 0xbe, 0x16, 0x15, 0xc8, 0xd2, 0x6e, 0x9b, 0x3f, 0x6f, 0xfa, 0x47, 0xd7, 0xa3, 0xb1, 0xbd
.byte 0xc4, 0xce, 0x44, 0x04, 0xeb, 0x71, 0x93, 0x38, 0x03, 0x6c, 0xb7, 0xb3, 0xd0, 0x93, 0x65, 0x1f
.byte 0xd2, 0x5e, 0x0c, 0x64, 0x83, 0x82, 0x3a, 0x58, 0x01, 0xc2, 0xec, 0xb7, 0xec, 0x47, 0xab, 0xd3
.byte 0xb7, 0x83, 0x59, 0x39, 0x1f, 0x0f, 0xb6, 0x8e, 0x1d, 0xff, 0xb4, 0x31, 0x26, 0xa8, 0x74, 0xb9
.byte 0x94, 0x5a, 0x57, 0x30, 0x0a, 0xdc, 0xd6, 0xc5, 0xcc, 0x67, 0xba, 0x9f, 0x89, 0x9e, 0x19, 0xd8
.byte 0x7c, 0xbd, 0xe7, 0x39, 0x3c, 0x01, 0x41, 0xeb, 0x3e, 0x12, 0x88, 0x28, 0x86, 0x84, 0x90, 0x97
.byte 0xf4, 0xfc, 0x2a, 0x36, 0xb0, 0x91, 0x7f, 0x2c, 0xb9, 0x25, 0xbe, 0xb6, 0x16, 0x7c, 0xff, 0x19
.byte 0x8e, 0x3e, 0xa9, 0xa1, 0x2a, 0x45, 0x1f, 0x87, 0x8a, 0x35, 0x58, 0x57, 0x38, 0x67, 0x13, 0x0b
.byte 0x9a, 0x67, 0x0c, 0x08, 0x04, 0x4a, 0x9a, 0xfb, 0xc6, 0x73, 0x7e, 0x46, 0x61, 0x47, 0xb9, 0xe5
.byte 0xcc, 0x77, 0x3a, 0xc7, 0x59, 0xd3, 0xd1, 0x2d, 0x68, 0x37, 0xc7, 0xff, 0xf2, 0x4b, 0xc4, 0x15
.byte 0x14, 0xae, 0x3e, 0x61, 0xbf, 0x69, 0x6c, 0x38, 0x29, 0x24, 0x1f, 0x81, 0x6c, 0x53, 0x9b, 0x4c
.byte 0xaa, 0x81, 0x0c, 0x3d, 0x16, 0xbf, 0x53, 0xc7, 0x7f, 0xec, 0xf8, 0x59, 0x5a, 0x5a, 0xf9, 0x0b
.byte 0xb8, 0x6c, 0x50, 0xb3, 0x56, 0x94, 0xd0, 0x99, 0x59, 0xc9, 0xf8, 0x67, 0xea, 0xec, 0x59, 0x3a
.byte 0x3b, 0x59, 0xa1, 0xcf, 0xde, 0x46, 0x63, 0x6f, 0x50, 0x42, 0x30, 0x63, 0x4a, 0xbf, 0x1b, 0x41
.byte 0x37, 0x84, 0x7e, 0x7f, 0xca, 0xba, 0x69, 0x3d, 0xa1, 0x21, 0xc1, 0x27, 0x79, 0xab, 0x1a, 0xb9
.byte 0x32, 0x90, 0x6c, 0x80, 0x19, 0xb5, 0x61, 0xff, 0x02, 0xf3, 0xc0, 0x01, 0x91, 0xb2, 0x80, 0x65
.byte 0x4c, 0x02, 0x86, 0xc4, 0xa9, 0xae, 0x41, 0x71, 0x4c, 0x0e, 0xfe, 0xf8, 0x91, 0x0e, 0x56, 0x53
.byte 0x9a, 0x01, 0x70, 0x89, 0x0d, 0x5e, 0x6a, 0xb7, 0x0d, 0x7f, 0x27, 0xe1, 0xb0, 0x78, 0x72, 0xe6
.byte 0x80, 0xaf, 0x4a, 0xe9, 0x6c, 0x03, 0x93, 0xd3, 0x48, 0xb0, 0xc3, 0xb1, 0x1a, 0x94, 0x38, 0xdc
.byte 0xd9, 0xc2, 0x77, 0x82, 0xb3, 0xa3, 0x87, 0x5d, 0x6b, 0x54, 0xdf, 0x07, 0x6e, 0x7f, 0xe6, 0xcb
.byte 0x19, 0x1c, 0xef, 0x68, 0x30, 0x89, 0x45, 0xd7, 0xcd, 0x57, 0xc0, 0xda, 0x86, 0x66, 0xef, 0x6d
.byte 0xb4, 0x6b, 0x9b, 0x37, 0x4f, 0xc3, 0xb0, 0x13, 0xa0, 0x72, 0xad, 0x7d, 0x44, 0x16, 0x48, 0x38
.byte 0x9c, 0x61, 0x91, 0xe1, 0xf0, 0x75, 0x39, 0xe4, 0x85, 0xed, 0x04, 0x8f, 0xb9, 0xa2, 0xf2, 0x5c
.byte 0xcd, 0x0f, 0xbf, 0x25, 0x36, 0xb7, 0x54, 0x83, 0xd8, 0x7a, 0xcc, 0xf1, 0x44, 0xa1, 0x40, 0x3e
.byte 0x8c, 0x2d, 0xb3, 0x0e, 0x0c, 0x6d, 0xa4, 0xb7, 0x8a, 0xdb, 0xa5, 0xfb, 0x16, 0x16, 0x4e, 0x38
.byte 0x79, 0x74, 0xf6, 0xa6, 0xaf, 0x74, 0x86, 0xfb, 0x58, 0xd0, 0x87, 0x5b, 0x7b, 0xf8, 0xa8, 0xce
.byte 0x9a, 0xe0, 0xae, 0x0f, 0x62, 0xc8, 0xad, 0x10, 0x7a, 0x18, 0xd6, 0xe6, 0xcb, 0xb5, 0x32, 0x7e
.byte 0x6c, 0x06, 0x33, 0x38, 0x6b, 0x9d, 0x66, 0x2e, 0x85, 0xf4, 0x78, 0xba, 0x95, 0xdd, 0x28, 0x28
.byte 0xce, 0xdf, 0xbc, 0x66, 0xc1, 0xc2, 0x5a, 0x78, 0xbe, 0x26, 0xf9, 0xe9, 0x73, 0xef, 0xf7, 0x8c
.byte 0x95, 0xeb, 0xe6, 0xaa, 0x21, 0xf8, 0xd6, 0x67, 0x3a, 0xa8, 0xd8, 0x6d, 0x6b, 0xba, 0x54, 0xee
.byte 0x03, 0x30, 0xc5, 0xb3, 0x93, 0xf2, 0x6c, 0x32, 0xf8, 0x45, 0xfc, 0xc2, 0x09, 0x50, 0xdd, 0x1f
.byte 0x8c, 0x13, 0xcf, 0x16, 0x73, 0xf9, 0xb0, 0xc9, 0xa5, 0xdc, 0x97, 0xa2, 0xa1, 0x69, 0x16, 0xe5
.byte 0xd1, 0x52, 0x15, 0x7a, 0x1a, 0xbe, 0x70, 0x3e, 0x24, 0xc3, 0x84, 0x58, 0xce, 0x43, 0x89, 0x8b
.byte 0xab, 0x98, 0x42, 0xfd, 0x51, 0x93, 0x43, 0x2b, 0xec, 0xeb, 0x2c, 0xe1, 0x1b, 0xee, 0x9b, 0xd8
.byte 0x73, 0xe9, 0xe3, 0xb2, 0x35, 0x66, 0x20, 0x55, 0x79, 0x8a, 0xcc, 0xa3, 0xc6, 0xab, 0xd0, 0x66
.byte 0x51, 0xcd, 0xeb, 0xea, 0x4c, 0xdd, 0x10, 0x91, 0x1f, 0x5b, 0xb9, 0xac, 0xa8, 0x49, 0xfe, 0x14
.byte 0xda, 0xe7, 0x97, 0x8e, 0xd8, 0xb0, 0x67, 0xa3, 0xad, 0x72, 0x37, 0x86, 0x18, 0x57, 0x95, 0xb4
.byte 0xa8, 0x71, 0x8a, 0xb1, 0x6c, 0x37, 0xd2, 0x86, 0x2f, 0xfa, 0x02, 0xa1, 0x3d, 0xef, 0x67, 0x57
.byte 0x75, 0x80, 0xd8, 0x6a, 0x79, 0x6b, 0x18, 0x41, 0x92, 0xc7, 0x6f, 0x8e, 0x50, 0xb5, 0x15, 0xde
.byte 0xdf, 0x72, 0xf5, 0x42, 0x4b, 0xeb, 0x5d, 0x2a, 0x07, 0x06, 0xdb, 0x99, 0xcc, 0x7a, 0x5a, 0xe5
.byte 0xc2, 0x3a, 0xbd, 0x6b, 0x50, 0xb0, 0x7d, 0x2f, 0x6b, 0x73, 0x3e, 0x55, 0x68, 0xa3, 0x22, 0xef
.byte 0x6f, 0xf4, 0x2f, 0x71, 0x95, 0x7e, 0x9c, 0xe2, 0xf8, 0x95, 0x98, 0xd3, 0xf4, 0x9b, 0xfc, 0x9f
.byte 0x6f, 0x43, 0x5e, 0x3f, 0xb6, 0x3c, 0x83, 0xdf, 0xf5, 0x5e, 0x2f, 0xa8, 0x5c, 0x52, 0xf3, 0x2a
.byte 0x65, 0x6c, 0x88, 0xd6, 0xf6, 0x3c, 0x59, 0xe7, 0x95, 0x38, 0x6b, 0x2b, 0x12, 0x1e, 0xf8, 0x8d
.byte 0xd9, 0x55, 0x9a, 0x4a, 0x09, 0x2c, 0xc7, 0x96, 0x2e, 0x81, 0x63, 0x54, 0x84, 0xdb, 0xd0, 0xa2
.byte 0x9b, 0x30, 0xc1, 0xd1, 0x3b, 0xa7, 0x65, 0x96, 0x3f, 0x94, 0xb0, 0x64, 0x1e, 0xba, 0x01, 0xbe
.byte 0xc5, 0x11, 0x8a, 0x9e, 0x55, 0x50, 0xe6, 0x86, 0xe7, 0xe5, 0x94, 0x4c, 0x99, 0x5b, 0x5e, 0xc7
.byte 0x02, 0x28, 0x09, 0x34, 0x2b, 0xe7, 0x09, 0xdd, 0xf8, 0x06, 0x50, 0x9d, 0x89, 0x2b, 0xf1, 0xd6
.byte 0x83, 0x32, 0xec, 0xe5, 0x41, 0xa7, 0x0b, 0xd8, 0xb0, 0x61, 0xf3, 0xf0, 0x6b, 0x25, 0x37, 0x24
.byte 0x85, 0x51, 0x10, 0x79, 0x55, 0x74, 0x9c, 0xaa, 0x70, 0xfc, 0xd2, 0xd3, 0xe8, 0x3e, 0x6a, 0x2f
.byte 0xc6, 0xe9, 0x80, 0xb1, 0x7b, 0xad, 0xab, 0x3e, 0x4e, 0x9c, 0xcb, 0x18, 0x9d, 0x3d, 0x85, 0x9e
.byte 0xcc, 0x33, 0x96, 0x77, 0xe3, 0xec, 0x28, 0x93, 0x4e, 0xa9, 0x93, 0xae, 0xe3, 0x75, 0x5b, 0xd1
.byte 0x82, 0x5c, 0x6c, 0xf2, 0x29, 0x29, 0x82, 0xce, 0x09, 0xb5, 0x6c, 0x35, 0xe3, 0x05, 0xe4, 0x36
.byte 0x9c, 0xf3, 0x3f, 0x46, 0x07, 0xd9, 0x78, 0x56, 0xf3, 0xf0, 0x87, 0x85, 0xf0, 0x31, 0x5a, 0x48
.byte 0x13, 0xd7, 0xeb, 0xdd, 0x15, 0x7b, 0xb4, 0x39, 0xfd, 0x84, 0x1f, 0x45, 0xc7, 0x82, 0xd0, 0xf9
.byte 0xe5, 0x99, 0xea, 0x20, 0x7a, 0xd6, 0x0c, 0x17, 0x95, 0x26, 0x78, 0x4f, 0x37, 0xf0, 0xed, 0xc9
.byte 0x3b, 0x38, 0x37, 0xb3, 0xcb, 0xcf, 0x85, 0xb7, 0x5a, 0xf0, 0xc1, 0xa4, 0xf8, 0x36, 0x7b, 0x3c
.byte 0x29, 0xa9, 0x6f, 0xf0, 0x0a, 0x3c, 0xa0, 0x7d, 0x22, 0xbe, 0x74, 0xf9, 0x1f, 0x67, 0x5a, 0xd8
.byte 0x5c, 0xa8, 0x3d, 0x74, 0x17, 0x44, 0x63, 0xa9, 0x95, 0x4a, 0xaf, 0x5a, 0xf0, 0x79, 0xca, 0x00
.byte 0xd7, 0xb2, 0x03, 0x64, 0x34, 0x85, 0xf1, 0x4e, 0xca, 0xb3, 0x24, 0x99, 0x2d, 0x28, 0xcc, 0xdf
.byte 0x48, 0xab, 0xc8, 0xe7, 0x51, 0x04, 0x3f, 0x07, 0xd8, 0xb1, 0xae, 0x89, 0x75, 0x18, 0xeb, 0xdb
.byte 0x89, 0x90, 0x61, 0x80, 0xc5, 0x7f, 0xec, 0x83, 0x18, 0x8b, 0x95, 0x20, 0xcf, 0xb6, 0xa9, 0xe9
.byte 0xb2, 0xfd, 0xcd, 0x6a, 0xbd, 0x70, 0x46, 0x82, 0x22, 0xa0, 0xf7, 0x95, 0x29, 0x96, 0x23, 0x89
.byte 0x0f, 0xb5, 0x47, 0x0e, 0x31, 0xde, 0x8b, 0xb2, 0x37, 0x10, 0x7e, 0xd5, 0xc6, 0x78, 0xf1, 0x55
.byte 0x24, 0xa6, 0x2e, 0xb0, 0xbf, 0x80, 0xc2, 0x0c, 0xb4, 0x90, 0x0f, 0xa9, 0xce, 0x89, 0xed, 0x80
.byte 0x30, 0x63, 0x78, 0xc6, 0xe4, 0xff, 0xfd, 0x7c, 0xd0, 0x6d, 0x9e, 0x53, 0xc1, 0x46, 0x73, 0xe8
.byte 0x66, 0x50, 0xc5, 0x49, 0xae, 0x79, 0xe6, 0xcb, 0x3b, 0x26, 0x1a, 0x0d, 0xe9, 0xe8, 0xaf, 0x03
.byte 0x3c, 0xbf, 0x0a, 0x24, 0xf1, 0x20, 0x90, 0xc0, 0xfb, 0xc3, 0xc7, 0xb8, 0x42, 0x99, 0x52, 0x99
.byte 0xe3, 0x1c, 0x81, 0xfe, 0xba, 0xa5, 0xa2, 0xb8, 0x30, 0x6a, 0x74, 0xc7, 0x1c, 0x6a, 0x73, 0x11
.byte 0xb6, 0x57, 0x35, 0x17, 0x67, 0xea, 0x47, 0xba, 0x3e, 0x5c, 0x87, 0x13, 0xbe, 0xaf, 0x24, 0x1d
.byte 0x04, 0x64, 0xa4, 0x4f, 0x8f, 0xab, 0x4e, 0x32, 0x49, 0xea, 0x9b, 0x35, 0x62, 0x6d, 0xb1, 0xc4
.byte 0x21, 0x61, 0x36, 0x0b, 0x42, 0xe9, 0x9f, 0x12, 0xa3, 0x57, 0x85, 0xb6, 0xb4, 0x80, 0x2d, 0x41
.byte 0xe7, 0x36, 0x10, 0x23, 0x22, 0xf3, 0x7e, 0x15, 0x9c, 0xea, 0x47, 0x4b, 0x1d, 0x2c, 0x3f, 0x05
.byte 0xd8, 0xb8, 0x33, 0xd2, 0xc8, 0xe1, 0x21, 0x02, 0x44, 0xd8, 0x46, 0xe9, 0x76, 0x8f, 0x04, 0x19
.byte 0x5d, 0xd2, 0x06, 0x8a, 0xfe, 0x24, 0x4f, 0x71, 0x34, 0x99, 0x9c, 0x16, 0x08, 0xf3, 0x96, 0x78
.byte 0x5d, 0xe5, 0x1a, 0x4f, 0xc3, 0x63, 0xb4, 0xcc, 0xb0, 0x03, 0x1f, 0x52, 0xb7, 0x68, 0x88, 0xab
.byte 0x37, 0x28, 0xeb, 0x28, 0xa2, 0x40, 0xff, 0x96, 0x97, 0xad, 0x87, 0xcf, 0x02, 0xee, 0x25, 0x93
.byte 0x11, 0x19, 0x54, 0x4c, 0x9a, 0x28, 0x5a, 0x03, 0x88, 0xcf, 0xeb, 0x16, 0xbb, 0xe6, 0x5c, 0x28
.byte 0xde, 0x86, 0x21, 0x3a, 0xb5, 0xc5, 0x88, 0x64, 0x3c, 0x31, 0xa4, 0x17, 0xaa, 0x54, 0x74, 0x2b
.byte 0xae, 0x6b, 0x0c, 0xa6, 0x74, 0xd8, 0xe3, 0xd4, 0x63, 0x12, 0x83, 0xb5, 0xc4, 0x78, 0xfc, 0x22
.byte 0x0f, 0x9c, 0x25, 0xca, 0x7a, 0x8c, 0xcb, 0x41, 0xd5, 0x75, 0x72, 0x3e, 0xbf, 0xe5, 0x9a, 0x0e
.byte 0x7f, 0xcd, 0x21, 0x63, 0x10, 0x93, 0x9d, 0x3e, 0xe8, 0x12, 0xda, 0x51, 0x92, 0xfe, 0x9e, 0x2c
.byte 0xe6, 0x73, 0xaf, 0x74, 0xd5, 0xf3, 0xa9, 0x32, 0x40, 0xab, 0x33, 0x2f, 0x72, 0x48, 0xb3, 0xb8
.byte 0x01, 0xb4, 0x00, 0x5c, 0x6e, 0x36, 0xbe, 0xe6, 0xe1, 0x4a, 0x0e, 0x02, 0x9a, 0x9b, 0xfa, 0x58
.byte 0xa0, 0xec, 0xf9, 0x03, 0x6c, 0xbc, 0x84, 0xd5, 0x6f, 0x7a, 0x6e, 0xe2, 0xc7, 0xce, 0x36, 0x35
.byte 0xa6, 0x74, 0x58, 0x88, 0x6d, 0x3b, 0x25, 0x91, 0x82, 0x0b, 0x06, 0xd8, 0x0f, 0x47, 0x6b, 0xfe
.byte 0x3d, 0x8c, 0x0b, 0xa5, 0xc4, 0x81, 0x92, 0x09, 0x46, 0xbd, 0x45, 0x9d, 0x1b, 0xde, 0xd4, 0xef
.byte 0xa4, 0x92, 0x33, 0xdd, 0x5b, 0xb7, 0xd2, 0x66, 0x7b, 0xb5, 0x62, 0xc3, 0xad, 0x8e, 0x02, 0x9f
.byte 0x17, 0x35, 0x37, 0xfc, 0xef, 0xcd, 0x37, 0x84, 0x5d, 0x40, 0xd8, 0xbd, 0x46, 0xb2, 0x9d, 0xd3
.byte 0xd5, 0x73, 0x06, 0x67, 0x37, 0xfc, 0x1f, 0x43, 0xe0, 0x2c, 0xe9, 0x2d, 0x40, 0x2e, 0x6c, 0x95
.byte 0x2a, 0xb0, 0x3a, 0x32, 0xf9, 0x40, 0x14, 0x5c, 0xa1, 0xc5, 0xe4, 0x4f, 0x79, 0x93, 0x03, 0x3d
.byte 0xdc, 0xe3, 0x24, 0xe4, 0x99, 0x2e, 0x16, 0x49, 0x68, 0x13, 0x4a, 0x1f, 0xec, 0x22, 0xfb, 0x77
.byte 0x36, 0xc9, 0xc0, 0xff, 0xe0, 0x02, 0x58, 0x2c, 0x7d, 0x31, 0xb6, 0xf1, 0xb8, 0xae, 0x71, 0x44
.byte 0xb1, 0xec, 0x6d, 0x50, 0xd1, 0xe1, 0xb6, 0xa4, 0xf3, 0x12, 0xad, 0xe0, 0x1c, 0xb7, 0xa8, 0xfd
.byte 0xdf, 0xc3, 0x86, 0x11, 0xd8, 0x1b, 0xb4, 0x8c, 0x26, 0x86, 0x65, 0xfa, 0xcf, 0xa8, 0x08, 0xb7
.byte 0x60, 0xeb, 0xba, 0x30, 0xe8, 0x15, 0x53, 0x4c, 0x6d, 0x4b, 0x42, 0x4f, 0x47, 0x4f, 0xe4, 0xee
.byte 0xab, 0x76, 0x8e, 0xfb, 0xb3, 0x8a, 0x82, 0xe7, 0x72, 0x51, 0x51, 0x6d, 0x7f, 0xa0, 0xcd, 0x6e
.byte 0x89, 0x3a, 0xd0, 0xe0, 0xe9, 0x3a, 0x61, 0x60, 0x9c, 0x51, 0x8e, 0x5c, 0xe9, 0xe7, 0xd3, 0xd8
.byte 0xbc, 0x5a, 0xf7, 0x2e, 0x4e, 0x26, 0xd8, 0xba, 0xe8, 0x3c, 0x57, 0xcd, 0xe4, 0x64, 0x4b, 0xcb
.byte 0x52, 0x29, 0x9e, 0x25, 0xd6, 0x81, 0xef, 0x9f, 0x14, 0x3f, 0x7a, 0x42, 0x00, 0xb2, 0xe0, 0x3e
.byte 0x46, 0x5e, 0xde, 0xc7, 0x80, 0x41, 0x1a, 0x2d, 0x45, 0x09, 0x0b, 0x7f, 0xb1, 0xfe, 0x23, 0xb5
.byte 0x9f, 0x16, 0xe4, 0xad, 0x54, 0xe6, 0xa3, 0x8b, 0xc6, 0x8c, 0xf8, 0x19, 0x9d, 0xb9, 0x8e, 0x18
.byte 0xf1, 0xc3, 0x72, 0xa0, 0xca, 0x6a, 0x53, 0x51, 0x62, 0xa9, 0xe5, 0x34, 0xf7, 0x9e, 0xc5, 0xb5
.byte 0x82, 0x25, 0x95, 0x84, 0xfc, 0x23, 0x8a, 0x46, 0xe3, 0xdf, 0x1b, 0x7e, 0x39, 0x3d, 0xf7, 0xb4
.byte 0x18, 0x01, 0x69, 0x8a, 0xd2, 0xda, 0x5a, 0xb7, 0xb8, 0xa7, 0x3c, 0xf2, 0xf7, 0xbf, 0x19, 0x2b
.byte 0xe7, 0x8d, 0xcd, 0xa9, 0xfb, 0xc2, 0xe9, 0x8e, 0x88, 0xaa, 0xde, 0x06, 0x9a, 0x5a, 0xa2, 0x76
.byte 0x9f, 0x05, 0x5d, 0x05, 0x1a, 0xe7, 0x76, 0x11, 0x53, 0x19, 0x73, 0x27, 0xed, 0x4e, 0x95, 0x78
.byte 0x15, 0x92, 0xb5, 0xe6, 0x46, 0x69, 0x8c, 0x05, 0xb8, 0x13, 0x37, 0x61, 0x2d, 0xf0, 0x82, 0x8c
.byte 0x64, 0xab, 0x5c, 0xa5, 0xe7, 0x14, 0x11, 0x14, 0x11, 0xda, 0x9a, 0xdb, 0x99, 0xf8, 0x4f, 0x53
.byte 0xbb, 0xd0, 0x78, 0xf1, 0x25, 0x56, 0x10, 0x85, 0x8b, 0x52, 0x15, 0x24, 0x5e, 0x4b, 0x30, 0x19
.byte 0x7d, 0x7a, 0x63, 0xc9, 0x87, 0x95, 0x1b, 0x51, 0xd8, 0xbf, 0xac, 0x51, 0xd7, 0x9b, 0xb8, 0x81
.byte 0x50, 0x36, 0x46, 0xea, 0x9e, 0xa6, 0xe9, 0x65, 0x02, 0x1f, 0x2b, 0x9f, 0x49, 0x9a, 0xb4, 0xe4
.byte 0x2a, 0x45, 0x38, 0x3b, 0xcd, 0x64, 0xf3, 0xe5, 0x56, 0xfa, 0x86, 0xd8, 0x56, 0x25, 0x92, 0xa0
.byte 0x3f, 0xdb, 0x81, 0x28, 0xaa, 0xfa, 0x33, 0xbf, 0x3c, 0x95, 0xf5, 0xc8, 0xae, 0xd1, 0x79, 0xa7
.byte 0x1c, 0x82, 0x2f, 0x5e, 0x14, 0x24, 0x7c, 0xbd, 0x19, 0x89, 0x8c, 0x72, 0x07, 0x42, 0xe5, 0xde
.byte 0xcb, 0x05, 0x72, 0x8f, 0x64, 0x15, 0x74, 0x3b, 0x39, 0xce, 0x45, 0x3b, 0x99, 0xd3, 0x35, 0x25
.byte 0xba, 0x74, 0x76, 0x03, 0x39, 0xed, 0xe4, 0x6f, 0x22, 0x1d, 0xcf, 0x9e, 0xb3, 0xf1, 0xe1, 0x71
.byte 0x5a, 0x49, 0x45, 0xf7, 0xca, 0x90, 0x44, 0xbc, 0xf1, 0x6d, 0x32, 0x24, 0x6c, 0x7b, 0x05, 0x4d
.byte 0x25, 0x78, 0x4d, 0xfd, 0x6c, 0xf3, 0x0f, 0xf2, 0x51, 0x05, 0x70, 0xbe, 0xcd, 0xec, 0xdd, 0xb1
.byte 0x30, 0x11, 0xc7, 0xbf, 0xfe, 0xa4, 0xe4, 0xf8, 0x43, 0x0c, 0x02, 0xa7, 0xbe, 0x8c, 0x1e, 0x1b
.byte 0x60, 0x56, 0x04, 0x15, 0x69, 0x99, 0x20, 0x79, 0x61, 0x70, 0x6f, 0xca, 0x96, 0x88, 0x32, 0x84
.byte 0x8c, 0x1f, 0x66, 0x02, 0x55, 0xae, 0xbc, 0x95, 0x72, 0x83, 0x6a, 0x1c, 0x28, 0x28, 0x7d, 0x6e
.byte 0x5b, 0xd5, 0x7f, 0xe7, 0x46, 0x2c, 0x5d, 0xfe, 0x19, 0x3a, 0x50, 0xd8, 0x10, 0x06, 0x66, 0xb5
.byte 0xc0, 0x88, 0xc8, 0x15, 0xff, 0xd3, 0xcc, 0xd3, 0xd7, 0xc1, 0xc5, 0x0b, 0x95, 0x38, 0x32, 0x87
.byte 0x1e, 0x2b, 0xe9, 0xf4, 0xe8, 0x85, 0xd4, 0xf2, 0x27, 0x58, 0x8d, 0x87, 0x20, 0xf1, 0xda, 0xd6
.byte 0x7d, 0x2c, 0x86, 0xcc, 0xdd, 0xb7, 0x55, 0x8a, 0x6e, 0xed, 0xdd, 0xda, 0x99, 0x19, 0x4d, 0xef
.byte 0x60, 0xc5, 0x45, 0x9d, 0x98, 0x23, 0x6a, 0x2c, 0x3c, 0x40, 0x89, 0xee, 0x65, 0x91, 0xfc, 0x83
.byte 0x1b, 0xeb, 0x33, 0x52, 0x06, 0x28, 0xd4, 0x57, 0x14, 0x88, 0xbf, 0xf5, 0x14, 0x2b, 0xe2, 0x68
.byte 0xda, 0x9a, 0x42, 0x23, 0x77, 0x13, 0xad, 0x90, 0x56, 0x13, 0xb3, 0x14, 0x70, 0xba, 0xd5, 0xd8
.byte 0x5a, 0xa2, 0x19, 0xaf, 0x72, 0x51, 0x98, 0xec, 0x62, 0xf0, 0xca, 0x38, 0x2f, 0x7c, 0x31, 0x2a
.byte 0xf5, 0xd3, 0x4c, 0xa6, 0x4f, 0xd0, 0x1b, 0xe8, 0x61, 0xcc, 0x42, 0x6f, 0xe8, 0x4b, 0xb7, 0x19
.byte 0x43, 0x40, 0x6a, 0xe3, 0xc5, 0x54, 0xc9, 0x21, 0x3d, 0x45, 0x1a, 0xa2, 0xcd, 0xef, 0xd6, 0xac
.byte 0xcb, 0x4c, 0x36, 0x8b, 0xdb, 0x9b, 0x41, 0x3e, 0xa3, 0x41, 0x3a, 0xce, 0x5b, 0xbd, 0x39, 0x6e
.byte 0xeb, 0x1a, 0x9b, 0xd5, 0x6a, 0x44, 0x69, 0x27, 0x1e, 0x28, 0x80, 0x58, 0xb8, 0x7f, 0x2f, 0x84
.byte 0x83, 0xe5, 0xfd, 0xc2, 0x18, 0x90, 0x8c, 0xc2, 0xe7, 0x2e, 0x86, 0xb0, 0x47, 0x91, 0x60, 0xd9
.byte 0xb7, 0x99, 0xb5, 0xd7, 0x5f, 0x9c, 0x5b, 0xd1, 0x1c, 0x76, 0xc1, 0x9b, 0x81, 0xba, 0x1f, 0x1d
.byte 0xf0, 0xa8, 0x33, 0x04, 0x15, 0x0b, 0x3b, 0x54, 0x7f, 0x31, 0xfd, 0xa2, 0x06, 0x0a, 0x88, 0xd8
.byte 0x45, 0x3f, 0x2b, 0x01, 0xdc, 0x76, 0x62, 0x85, 0x4d, 0x38, 0x91, 0xd8, 0x08, 0x03, 0x18, 0x4f
.byte 0x0a, 0xec, 0x50, 0x88, 0xf4, 0x61, 0x74, 0x16, 0x58, 0x2b, 0xb9, 0xfc, 0xf3, 0x8a, 0x6a, 0x3b
.byte 0xbd, 0x64, 0xf6, 0x59, 0x34, 0xfd, 0x30, 0x77, 0xd7, 0xc2, 0xfc, 0x4c, 0x5f, 0x48, 0x66, 0xd7
.byte 0x21, 0xbc, 0x7e, 0x32, 0x15, 0x5d, 0x10, 0xc2, 0x78, 0x0a, 0x0b, 0xdb, 0xd9, 0x07, 0xe4, 0xfe
.byte 0x3b, 0xe9, 0x5a, 0xa7, 0x09, 0x40, 0x54, 0x3b, 0x3f, 0x30, 0x5d, 0x24, 0x3c, 0x20, 0x40, 0x0b
.byte 0x82, 0xdc, 0x3e, 0xc2, 0xd9, 0x61, 0x7c, 0x59, 0x47, 0x42, 0xec, 0x9e, 0xc9, 0x49, 0x06, 0xc8
.byte 0x97, 0xf7, 0x08, 0x9d, 0xae, 0x19, 0x3a, 0x21, 0x2b, 0x73, 0x6f, 0x27, 0x85, 0x1a, 0x3c, 0x83
.byte 0xf6, 0xda, 0x79, 0x06, 0xc8, 0x27, 0xf1, 0xae, 0x3e, 0x65, 0x5f, 0xd8, 0x6a, 0xad, 0x76, 0x5e
.byte 0xfe, 0x65, 0x00, 0x1a, 0xbc, 0x26, 0xfd, 0xda, 0x73, 0xbc, 0x73, 0xcd, 0xb9, 0xf6, 0xec, 0x8e
.byte 0xa0, 0x6d, 0x91, 0x8f, 0x07, 0xc3, 0xd9, 0x57, 0xbe, 0x0c, 0xdf, 0xcd, 0x8d, 0x06, 0xa0, 0xef
.byte 0xc3, 0x2b, 0xd6, 0x93, 0xd6, 0xb2, 0x7d, 0x33, 0x07, 0x7e, 0xd2, 0xee, 0xbd, 0xea, 0x39, 0x53
.byte 0xa9, 0x2c, 0xa7, 0x54, 0xd7, 0x3a, 0x16, 0xe7, 0xd8, 0x00, 0x63, 0xce, 0xc3, 0xc6, 0x57, 0x6a
.byte 0xb0, 0x95, 0x6f, 0x51, 0x03, 0x52, 0x4d, 0x7b, 0x56, 0x2f, 0x7e, 0x07, 0xa8, 0x85, 0xc9, 0x57
.byte 0xf5, 0xe0, 0xcd, 0xd9, 0x29, 0x32, 0xf2, 0xa8, 0xc1, 0x66, 0xe7, 0xae, 0x75, 0x80, 0xa7, 0xd4
.byte 0x10, 0xea, 0x7c, 0xfd, 0x8d, 0xbc, 0xfa, 0xf5, 0x86, 0x41, 0x4c, 0x74, 0x6a, 0x86, 0x0f, 0x82
.byte 0x18, 0x2d, 0xa4, 0x99, 0xf4, 0xd9, 0x94, 0xd7, 0x06, 0xe4, 0x3b, 0xd8, 0xd2, 0xcc, 0x02, 0x9e
.byte 0x8d, 0x65, 0x96, 0xe5, 0x8e, 0x5b, 0xca, 0xe7, 0x5f, 0xa9, 0xd7, 0xb8, 0xb6, 0xb9, 0xb3, 0x78
.byte 0xb7, 0x3c, 0xe4, 0x8b, 0x89, 0x5f, 0x87, 0x1f, 0xd0, 0x06, 0x5a, 0x65, 0x1c, 0x48, 0xc0, 0x98
.byte 0x38, 0xb6, 0xb1, 0x85, 0xb7, 0xfe, 0xaa, 0x43, 0x77, 0x53, 0xc5, 0xa5, 0x3a, 0x5e, 0x3a, 0x1b
.byte 0x6f, 0xeb, 0xae, 0x69, 0x2a, 0xaa, 0xa6, 0x18, 0x3c, 0x92, 0x08, 0xad, 0xb2, 0xdc, 0x7e, 0xd9
.byte 0x83, 0x00, 0x20, 0x66, 0xc9, 0x9e, 0xf4, 0x7a, 0x4a, 0xea, 0x4d, 0x3f, 0x85, 0xf1, 0x64, 0xca
.byte 0x3a, 0x53, 0x57, 0xe2, 0x64, 0x4a, 0x0d, 0x0a, 0xf7, 0xfc, 0x3c, 0xf3, 0x97, 0x5f, 0xc2, 0xac
.byte 0x5c, 0x23, 0x67, 0xdd, 0xa0, 0x47, 0x1e, 0x9b, 0xff, 0x6c, 0x3e, 0x53, 0xd1, 0xb0, 0x71, 0xe5
.byte 0xf2, 0x55, 0x37, 0x1b, 0xa7, 0xab, 0xb6, 0xb6, 0x97, 0xd8, 0x6c, 0x46, 0x1d, 0x42, 0x4e, 0x02
.byte 0x6e, 0xeb, 0xd2, 0xb5, 0x3b, 0xd5, 0xb6, 0x56, 0x1d, 0x73, 0x14, 0xd9, 0xc7, 0x11, 0xee, 0x6e
.byte 0x33, 0x55, 0x6b, 0x78, 0xd9, 0x12, 0x8a, 0xb4, 0xad, 0xe2, 0x82, 0x81, 0xfa, 0x0b, 0x03, 0x0b
.byte 0x13, 0x81, 0x55, 0x81, 0xa5, 0x20, 0x39, 0x4a, 0x14, 0x3b, 0xf7, 0x3e, 0x05, 0xa8, 0x23, 0xbf
.byte 0x02, 0x3a, 0x0a, 0x3f, 0xe8, 0xaa, 0x19, 0xd1, 0x30, 0xa1, 0x86, 0xd4, 0x4e, 0x2e, 0x21, 0x8e
.byte 0x20, 0x04, 0xee, 0x02, 0x00, 0xe8, 0xaf, 0xfc, 0xa7, 0x77, 0x7d, 0x78, 0x74, 0x1b, 0x18, 0x69
.byte 0xc8, 0xe5, 0xd7, 0x6b, 0x4a, 0x5b, 0x97, 0xc5, 0x59, 0xf9, 0x4d, 0x3e, 0x79, 0x7d, 0x3c, 0xa9
.byte 0x89, 0x83, 0x8d, 0x99, 0x5a, 0x72, 0xb4, 0x35, 0xc8, 0x1c, 0xad, 0xa3, 0x05, 0xec, 0x6e, 0x4c
.byte 0x96, 0xf6, 0xcb, 0xd3, 0xd8, 0x7e, 0xa0, 0x47, 0x7d, 0xd8, 0x77, 0x7f, 0x2a, 0x82, 0x64, 0x02
.byte 0x19, 0xa2, 0xda, 0x44, 0x27, 0xf1, 0x80, 0x09, 0xd4, 0x40, 0x89, 0x1a, 0x6c, 0x85, 0x4e, 0x85
.byte 0xb4, 0x13, 0x71, 0x82, 0x3c, 0x56, 0x89, 0x2b, 0x95, 0x6f, 0xfc, 0xb6, 0xd0, 0xc6, 0xca, 0x87
.byte 0xf7, 0x7a, 0x38, 0x08, 0xfa, 0x07, 0x12, 0x8c, 0xf4, 0x7a, 0x7b, 0x27, 0x9b, 0x5d, 0xde, 0x5c
.byte 0x05, 0xa6, 0x59, 0x32, 0xf0, 0xc6, 0xb4, 0x39, 0xb5, 0xa1, 0xb0, 0xef, 0xc7, 0x52, 0x93, 0x5d
.byte 0x92, 0x47, 0x41, 0xf1, 0x18, 0xe8, 0x37, 0x30, 0x3b, 0x9d, 0x72, 0x37, 0x61, 0xe0, 0x2e, 0xfa
.byte 0x48, 0xc5, 0x39, 0x8d, 0x7d, 0x2a, 0x74, 0xbc, 0xfa, 0xe1, 0x51, 0xe8, 0xc6, 0x7c, 0xee, 0x92
.byte 0xdc, 0xf9, 0xfb, 0x4a, 0xbc, 0x09, 0xf7, 0x17, 0xfe, 0x84, 0x2a, 0xde, 0xf9, 0xbc, 0x8a, 0xcf
.byte 0xf0, 0x1d, 0x9d, 0x48, 0x64, 0xcc, 0xbd, 0x21, 0x75, 0x69, 0x54, 0x07, 0xb3, 0x59, 0xe0, 0x77
.byte 0x75, 0x54, 0xfc, 0xc3, 0xc9, 0x08, 0x68, 0xe0, 0xe1, 0xd4, 0x62, 0x39, 0x36, 0x8d, 0xcb, 0x43
.byte 0x57, 0x6d, 0x7e, 0x42, 0x18, 0x4c, 0x13, 0x78, 0xfd, 0x9a, 0xbe, 0xf5, 0x9f, 0xe7, 0xc8, 0xba
.byte 0x1f, 0x94, 0x35, 0x04, 0xc9, 0x69, 0x3c, 0x52, 0x84, 0x07, 0x3a, 0x2e, 0x31, 0xb6, 0x12, 0x76
.byte 0x6c, 0xe8, 0x9c, 0x60, 0x31, 0x6a, 0xc6, 0xcd, 0x0e, 0x2a, 0xc0, 0x8d, 0x3a, 0xdf, 0xc7, 0x34
.byte 0x2c, 0x03, 0x45, 0x0f, 0x91, 0x3e, 0xa9, 0x7c, 0xad, 0x26, 0x5e, 0xc4, 0xcf, 0x47, 0x72, 0x0c
.byte 0xcd, 0x9d, 0xda, 0x2b, 0x8b, 0x1d, 0x24, 0x66, 0x89, 0xa8, 0xd1, 0xc0, 0xe2, 0x38, 0x90, 0xa6
.byte 0xb2, 0x15, 0x26, 0x69, 0x39, 0x27, 0xea, 0xd4, 0x3d, 0xb8, 0xdd, 0xf1, 0x2f, 0x1b, 0x95, 0xbc
.byte 0xa2, 0x7f, 0xe6, 0xdf, 0x33, 0x6e, 0xd4, 0xdf, 0xaa, 0xae, 0x20, 0x6e, 0xff, 0x29, 0xb1, 0x3e
.byte 0xfe, 0xa3, 0x06, 0x61, 0x50, 0xe5, 0x31, 0x6e, 0x9c, 0x5c, 0x82, 0xd8, 0x7b, 0x18, 0x91, 0x60
.byte 0xc1, 0xff, 0x31, 0x3c, 0xc1, 0x82, 0x5d, 0xa9, 0xb3, 0x7c, 0x10, 0x3f, 0xbc, 0x2b, 0xcd, 0xad
.byte 0x06, 0xa4, 0x8c, 0x10, 0xa2, 0x8b, 0x4a, 0x9a, 0xfe, 0x6a, 0x17, 0xdd, 0xd2, 0xc8, 0x21, 0xaa
.byte 0x90, 0x99, 0xc2, 0x3a, 0xc6, 0x2f, 0xda, 0xe1, 0x62, 0x54, 0xaa, 0x86, 0x0a, 0x80, 0x7c, 0xac
.byte 0x92, 0x32, 0xb5, 0x5f, 0xf5, 0xad, 0x6f, 0xf6, 0x8d, 0x71, 0x02, 0x21, 0x7c, 0x0a, 0x51, 0xb8
.byte 0xe9, 0x52, 0xf4, 0x6c, 0x3d, 0x47, 0xc1, 0x11, 0xa8, 0x5c, 0x9c, 0x9e, 0x8d, 0xd3, 0xe3, 0xbf
.byte 0x86, 0xbe, 0x0c, 0xa8, 0x64, 0x21, 0x29, 0x60, 0x08, 0xdf, 0x86, 0x77, 0x49, 0xc8, 0xfa, 0x4d
.byte 0xb0, 0x34, 0x96, 0x84, 0xa1, 0x36, 0x31, 0x8f, 0xb9, 0x37, 0x2f, 0xaf, 0x5b, 0xc0, 0x98, 0x1a
.byte 0xd7, 0x5f, 0x08, 0x49, 0xae, 0xaa, 0xe9, 0xcb, 0x97, 0xef, 0x31, 0x1d, 0x58, 0xf1, 0xf5, 0x57
.byte 0x00, 0x8b, 0x29, 0xa5, 0x90, 0x97, 0x73, 0xe0, 0x66, 0x1d, 0x94, 0x7d, 0x51, 0xca, 0x8d, 0xac
.byte 0x47, 0x53, 0xb2, 0xa5, 0xb2, 0x49, 0xbb, 0x0a, 0x33, 0x6e, 0x70, 0xe2, 0x87, 0xf3, 0xa6, 0xbe
.byte 0x3d, 0x2e, 0xfa, 0x0b, 0x8f, 0xc6, 0xb5, 0x93, 0xdf, 0xb8, 0x38, 0x05, 0xb3, 0xd5, 0xbf, 0xe4
.byte 0x70, 0x61, 0x42, 0xc7, 0xf3, 0x76, 0x2b, 0x2a, 0x96, 0xf6, 0xd8, 0xc9, 0x31, 0x8a, 0x13, 0x52
.byte 0x34, 0x13, 0x07, 0xe7, 0x40, 0x88, 0x71, 0xe8, 0x0c, 0x2a, 0xe4, 0xae, 0x0d, 0x80, 0xce, 0x8e
.byte 0xb1, 0x88, 0x74, 0x0e, 0x83, 0x50, 0x37, 0x50, 0xe0, 0x50, 0xd8, 0x44, 0xd3, 0xc4, 0x9b, 0x96
.byte 0x54, 0x62, 0x0b, 0x0c, 0x2c, 0x48, 0x57, 0x35, 0xdf, 0x70, 0x3c, 0x90, 0x0c, 0x40, 0x24, 0x8e
.byte 0x66, 0x43, 0x21, 0xfc, 0xf1, 0x8c, 0x68, 0x8e, 0x1c, 0x22, 0xcc, 0xc8, 0xe4, 0x94, 0xb8, 0x2f
.byte 0x62, 0x22, 0x20, 0xc8, 0xb3, 0x30, 0xdb, 0x2b, 0x62, 0x82, 0x64, 0x78, 0x12, 0x45, 0x99, 0x14
.byte 0xa1, 0xfe, 0xb9, 0x17, 0x86, 0x76, 0xae, 0xfa, 0xb0, 0x82, 0xa8, 0xef, 0xa1, 0x3e, 0xf5, 0xce
.byte 0xbd, 0x9f, 0xc1, 0x1a, 0x67, 0x36, 0xb1, 0x89, 0x07, 0x01, 0xaf, 0xed, 0x31, 0x6c, 0x6d, 0xa0
.byte 0xbb, 0x56, 0x45, 0x3c, 0x42, 0x8b, 0x86, 0x88, 0x12, 0xd3, 0x42, 0x36, 0xa7, 0xe4, 0x66, 0xf1
.byte 0xd0, 0x85, 0xcb, 0x9f, 0x10, 0xef, 0x16, 0x2b, 0xea, 0xd9, 0x16, 0xee, 0xb5, 0xce, 0x94, 0xce
.byte 0x1e, 0xe8, 0xf2, 0x9b, 0xc1, 0x5e, 0x5c, 0xaa, 0x8f, 0x5a, 0x11, 0xc1, 0x1d, 0xd7, 0xa3, 0x1c
.byte 0x83, 0xde, 0xe7, 0x9c, 0xd2, 0x8a, 0xaa, 0x0d, 0xc7, 0x01, 0x7e, 0x83, 0x4c, 0xec, 0x5a, 0x88
.byte 0x6e, 0x99, 0xae, 0x63, 0x78, 0x19, 0x00, 0x42, 0x03, 0xb4, 0xf3, 0xee, 0x85, 0x32, 0xf0, 0x1d
.byte 0x12, 0xf3, 0xc3, 0x01, 0x9c, 0xd0, 0x82, 0xc9, 0x7b, 0x0d, 0x74, 0x82, 0xf9, 0x6f, 0x60, 0x39
.byte 0xd8, 0x09, 0xdd, 0xd6, 0x0b, 0x62, 0xb6, 0x0c, 0x41, 0x3f, 0x84, 0x41, 0x19, 0xef, 0x19, 0x34
.byte 0xa1, 0x14, 0x35, 0xd7, 0xcd, 0xbe, 0xf7, 0xca, 0xf8, 0xfe, 0xd5, 0x12, 0x8f, 0x9e, 0xa0, 0x1e
.byte 0xf3, 0xae, 0xb9, 0xf2, 0x71, 0x71, 0xf8, 0x7c, 0xea, 0x71, 0xb0, 0x94, 0x74, 0xaf, 0x51, 0x22
.byte 0xd7, 0xb9, 0x7c, 0xb6, 0x70, 0x1e, 0xc6, 0xaa, 0xbe, 0xd2, 0x1d, 0xd1, 0x73, 0x71, 0x00, 0x25
.byte 0x19, 0x30, 0xb6, 0xf1, 0xd3, 0x44, 0xc4, 0xc7, 0x9e, 0xbb, 0x9a, 0xc1, 0x5e, 0xc6, 0x22, 0x35
.byte 0x7b, 0x73, 0x98, 0x38, 0xa3, 0x46, 0xc8, 0xa1, 0x43, 0xad, 0xfe, 0xc1, 0x20, 0x34, 0x42, 0x3d
.byte 0x77, 0x98, 0x8a, 0xba, 0xec, 0x7a, 0x0d, 0x98, 0xf0, 0xb1, 0xb5, 0x50, 0x6a, 0x14, 0x69, 0xf7
.byte 0x8b, 0xe3, 0x92, 0x87, 0x44, 0x7c, 0x2e, 0xea, 0xe5, 0x03, 0xd2, 0x8d, 0xc2, 0xe7, 0x3b, 0xfa
.byte 0x1e, 0x5f, 0x71, 0x02, 0x29, 0x39, 0x48, 0xf5, 0x5b, 0xe2, 0xef, 0x43, 0x86, 0x02, 0x77, 0xca
.byte 0x9f, 0x25, 0xfb, 0xfb, 0x99, 0x87, 0x2f, 0xcb, 0x95, 0x50, 0x4c, 0x0d, 0xbf, 0x4b, 0x3b, 0x6e
.byte 0x21, 0x4e, 0x28, 0xc5, 0xd8, 0x24, 0xb2, 0xa7, 0xf2, 0x7e, 0xd0, 0x7d, 0xcf, 0x3c, 0x0b, 0x60
.byte 0x2b, 0x4a, 0x85, 0x4d, 0x17, 0x65, 0x15, 0xfd, 0xe3, 0xf4, 0x0f, 0x0f, 0x91, 0x49, 0xe5, 0x72
.byte 0xde, 0x1b, 0xcf, 0x89, 0xfd, 0xfc, 0x80, 0xf7, 0xb3, 0x10, 0x0d, 0x74, 0xf8, 0x61, 0x4a, 0x1e
.byte 0xa6, 0x36, 0x90, 0x75, 0xfb, 0x20, 0xb4, 0x2d, 0x19, 0x48, 0xa3, 0x52, 0xa1, 0xaf, 0xe1, 0x10
.byte 0x6c, 0xcd, 0x0d, 0x21, 0x47, 0x15, 0xd6, 0xe5, 0x84, 0x06, 0x09, 0x4b, 0x45, 0x33, 0xb7, 0x33
.byte 0xc4, 0x6d, 0x82, 0x94, 0xe1, 0x65, 0x54, 0x36, 0xb8, 0x1e, 0x9b, 0xf5, 0x53, 0x12, 0x7b, 0x0c
.byte 0x86, 0x42, 0xa1, 0x38, 0x5d, 0xf0, 0x80, 0x13, 0x53, 0xc4, 0x15, 0x12, 0x57, 0x53, 0xf9, 0x95
.byte 0x33, 0x3a, 0xa3, 0xea, 0x94, 0x52, 0xc9, 0x73, 0x28, 0x92, 0x24, 0x3d, 0x08, 0xf3, 0x9c, 0x9d
.byte 0xb0, 0x62, 0x02, 0x42, 0x8d, 0x3c, 0x16, 0x28, 0x81, 0x09, 0x87, 0xc8, 0x89, 0x2f, 0xb3, 0x7b
.byte 0x97, 0x8a, 0x74, 0x27, 0x66, 0x94, 0xe5, 0x9c, 0xb1, 0x0e, 0xbb, 0x89, 0xb9, 0x8a, 0x65, 0xf6
.byte 0x60, 0xec, 0xf6, 0x26, 0x1b, 0x4b, 0x84, 0xa7, 0x0f, 0x2f, 0xd0, 0x87, 0x9d, 0xb4, 0x91, 0x74
.byte 0xdb, 0xf3, 0xc5, 0xbc, 0xd8, 0xbb, 0xaa, 0xa4, 0xbf, 0xe0, 0x78, 0x35, 0x3d, 0xc7, 0x51, 0x2a
.byte 0xc8, 0xd2, 0xd8, 0x55, 0x49, 0x80, 0x58, 0x86, 0x84, 0x79, 0xd2, 0xee, 0xde, 0x8f, 0xe4, 0xae
.byte 0x65, 0x21, 0x6b, 0xc1, 0x8e, 0x99, 0x3d, 0x96, 0x16, 0x2b, 0x32, 0x74, 0x1b, 0xfb, 0x41, 0x77
.byte 0x82, 0x9b, 0x7e, 0xda, 0xca, 0x9c, 0x74, 0xdb, 0x43, 0xe9, 0xfa, 0x5c, 0x19, 0x7c, 0x95, 0xd3
.byte 0x30, 0x55, 0x51, 0x1b, 0xd4, 0x1c, 0x29, 0xf4, 0x7a, 0x77, 0xe0, 0x33, 0xcc, 0x4c, 0x90, 0xdd
.byte 0x5e, 0x6d, 0x59, 0x7d, 0xb8, 0xd9, 0x1e, 0x36, 0x29, 0x6c, 0xec, 0xfa, 0x09, 0xed, 0xc5, 0x69
.byte 0xe0, 0xe8, 0xf5, 0xec, 0xa1, 0x16, 0x14, 0x0f, 0xe3, 0x02, 0x31, 0x06, 0x58, 0xe5, 0xf4, 0xe4
.byte 0x04, 0x80, 0x7f, 0x7f, 0xa5, 0x9a, 0x59, 0xe7, 0x2d, 0x91, 0x26, 0x07, 0x3e, 0x84, 0x24, 0xed
.byte 0x0f, 0x5d, 0x03, 0x88, 0x90, 0x14, 0xaf, 0xff, 0xac, 0xff, 0xc2, 0x3c, 0x76, 0x36, 0xff, 0xbe
.byte 0x30, 0x69, 0x12, 0x0f, 0xdf, 0x79, 0x64, 0xdd, 0xcc, 0xf4, 0xa3, 0xf7, 0xd7, 0xbc, 0xaa, 0x39
.byte 0x8e, 0xff, 0x29, 0xd8, 0x72, 0x1e, 0xbc, 0x34, 0xc0, 0x7f, 0xb0, 0x77, 0x6a, 0x87, 0x97, 0x43
.byte 0xae, 0x6f, 0x55, 0x71, 0x0b, 0x76, 0xc6, 0x60, 0xb0, 0x74, 0xdd, 0x7c, 0x88, 0xdd, 0x17, 0x11
.byte 0x5c, 0xf9, 0xfa, 0x27, 0x12, 0x3f, 0x95, 0x11, 0xb0, 0x59, 0x34, 0x60, 0x7d, 0xa8, 0x6f, 0x3b
.byte 0x0a, 0x97, 0x23, 0x33, 0xed, 0xe5, 0xb3, 0xd1, 0xbd, 0x80, 0x93, 0xc4, 0x21, 0xc5, 0x5c, 0xc2
.byte 0x70, 0x7d, 0x11, 0xfc, 0x0c, 0xe6, 0x3a, 0x99, 0xb5, 0xae, 0x6e, 0xb8, 0x36, 0x3d, 0x03, 0x1e
.byte 0x66, 0x66, 0x5d, 0xf6, 0xf0, 0x47, 0xf2, 0x3b, 0x7a, 0x36, 0x2c, 0x14, 0xd1, 0x0e, 0x73, 0xad
.byte 0xb0, 0x01, 0x3a, 0xc9, 0x6e, 0xd9, 0xad, 0x00, 0x59, 0xaf, 0x72, 0x64, 0x23, 0x5c, 0x75, 0xce
.byte 0x5b, 0xed, 0x1d, 0x50, 0x38, 0x67, 0xaa, 0x2c, 0x3e, 0x91, 0x6d, 0xa4, 0x1e, 0xad, 0xb1, 0x28
.byte 0xc4, 0x4f, 0xa5, 0xef, 0x0d, 0x72, 0x6f, 0xab, 0x07, 0xff, 0xc9, 0xd0, 0x78, 0xcb, 0xba, 0x75
.byte 0x27, 0x4b, 0x38, 0x14, 0x44, 0x3c, 0xf2, 0x36, 0x9f, 0x0c, 0x95, 0xca, 0x89, 0x36, 0xb9, 0x7f
.byte 0xca, 0xae, 0x40, 0xf1, 0x92, 0x15, 0x49, 0x02, 0xb4, 0xbe, 0x14, 0xe9, 0xa6, 0x22, 0x4a, 0x1b
.byte 0xd6, 0x4f, 0xdb, 0xa4, 0xdc, 0x52, 0x3b, 0x8f, 0xa4, 0x28, 0x35, 0xd2, 0x70, 0x6d, 0x1d, 0xe5
.byte 0x45, 0x46, 0xee, 0x56, 0x3a, 0xc4, 0xb9, 0x1d, 0xaf, 0x17, 0x63, 0x87, 0x2b, 0x88, 0x3b, 0xf5
.byte 0xc2, 0x35, 0x92, 0x17, 0x45, 0xa6, 0x47, 0xc4, 0x9d, 0x54, 0x9a, 0xbc, 0x92, 0xc0, 0x21, 0xb0
.byte 0x6f, 0xd1, 0xba, 0x0c, 0x5c, 0x15, 0xaa, 0xc5, 0xec, 0x57, 0x06, 0x0d, 0x6d, 0xb6, 0x2f, 0xcd
.byte 0x97, 0xdf, 0x79, 0xee, 0x8f, 0xab, 0x7e, 0x17, 0x3c, 0x36, 0x97, 0x80, 0x7b, 0xe9, 0xb7, 0x1b
.byte 0xd5, 0x23, 0x13, 0x09, 0xc9, 0xed, 0xd1, 0x68, 0x3d, 0x2c, 0x26, 0xa5, 0x4c, 0x77, 0x85, 0x52
.byte 0x95, 0x07, 0xa7, 0x2d, 0x31, 0xb9, 0xf2, 0xf7, 0x51, 0x35, 0xf9, 0x0c, 0xe9, 0x10, 0x45, 0x70
.byte 0x89, 0x17, 0xd7, 0xd2, 0xe4, 0xe2, 0x1c, 0x26, 0xd8, 0xbe, 0x95, 0x8c, 0x80, 0x09, 0x21, 0x95
.byte 0xaf, 0x6c, 0x23, 0x6d, 0xfd, 0xd1, 0xce, 0xb3, 0xa3, 0x94, 0x03, 0xbc, 0x4b, 0x78, 0x44, 0xb5
.byte 0xab, 0xde, 0x8d, 0x36, 0xaa, 0x04, 0x43, 0x0a, 0xc5, 0x02, 0x21, 0xa2, 0xfe, 0xdc, 0xbe, 0x33
.byte 0x10, 0x0e, 0x26, 0xd1, 0x90, 0x04, 0x78, 0x65, 0xd8, 0x43, 0x5c, 0x0d, 0x4a, 0xd4, 0xfb, 0x74
.byte 0x32, 0x61, 0x8a, 0x3e, 0x12, 0x80, 0x3b, 0x65, 0xda, 0x8d, 0x42, 0x24, 0xa7, 0xcc, 0xf0, 0x6e
.byte 0x17, 0x29, 0x4e, 0xf7, 0x7c, 0x8a, 0x30, 0xd4, 0xc8, 0x5a, 0xb8, 0xfe, 0xbc, 0x25, 0x64, 0x93
.byte 0xb6, 0x3d, 0xa2, 0xcf, 0x16, 0xf2, 0xdb, 0x6f, 0x95, 0xf6, 0x88, 0x46, 0x2b, 0xc8, 0xc5, 0xd2
.byte 0x9b, 0x95, 0xcb, 0x1d, 0xef, 0x6a, 0xa9, 0x1e, 0x1f, 0xdd, 0x60, 0xdb, 0xa9, 0x11, 0x45, 0xd8
.byte 0xac, 0xb5, 0x93, 0x6d, 0xd8, 0x51, 0x61, 0x51, 0xaf, 0x8e, 0x64, 0x1a, 0x7e, 0x12, 0xb9, 0xd1
.byte 0xbb, 0xf5, 0x3e, 0xf6, 0x84, 0x42, 0x67, 0x39, 0xdd, 0xf8, 0x61, 0xd4, 0x07, 0xcd, 0x11, 0xc5
.byte 0x65, 0xad, 0xd7, 0x0e, 0x9e, 0xcf, 0x34, 0x0b, 0x5a, 0x35, 0x8b, 0x73, 0x42, 0xb8, 0x06, 0xe3
.byte 0xec, 0x50, 0x62, 0x53, 0x69, 0x3f, 0x21, 0x4a, 0x1c, 0xc2, 0xfb, 0x6a, 0x65, 0x77, 0x95, 0x2d
.byte 0x0f, 0x3b, 0x4c, 0x05, 0xd9, 0x35, 0x2f, 0x8c, 0x8a, 0x9d, 0xca, 0x3f, 0xab, 0x0a, 0xe8, 0xbe
.byte 0x29, 0x83, 0x43, 0xa6, 0x15, 0x59, 0xa3, 0x77, 0xe1, 0x6e, 0x49, 0xda, 0x35, 0x53, 0xab, 0x48
.byte 0x29, 0x68, 0xb5, 0x67, 0x65, 0x55, 0xa0, 0x3a, 0x29, 0x3b, 0x1c, 0x5c, 0x4e, 0x2f, 0xd6, 0x7d
.byte 0xa4, 0x08, 0x02, 0x63, 0x04, 0xdb, 0xab, 0x6b, 0x88, 0x2d, 0x05, 0xa9, 0x8b, 0x8e, 0x04, 0xa3
.byte 0x54, 0x3e, 0x40, 0xd8, 0xbe, 0x07, 0x72, 0xfc, 0x04, 0x2d, 0xaf, 0x33, 0x5a, 0xdd, 0x83, 0xf8
.byte 0x63, 0xf9, 0x10, 0x10, 0x51, 0xc7, 0x05, 0xb9, 0x4b, 0xfc, 0x15, 0x5d, 0x36, 0x23, 0x88, 0x6f
.byte 0x26, 0xd7, 0x03, 0x5e, 0x54, 0xb8, 0xba, 0xd0, 0xc4, 0xf4, 0x74, 0x61, 0xfe, 0x2c, 0x87, 0x24
.byte 0x2a, 0x27, 0x5f, 0xf0, 0x8a, 0x16, 0x00, 0x1d, 0x5f, 0xbe, 0x78, 0xcb, 0xd7, 0xae, 0x81, 0x85
.byte 0xbd, 0x81, 0xd8, 0x87, 0xd6, 0xe0, 0xba, 0x82, 0x1c, 0x3e, 0x8d, 0xe1, 0x11, 0x37, 0x88, 0x36
.byte 0x9c, 0xad, 0xf5, 0x16, 0xfb, 0x22, 0xa2, 0x09, 0x41, 0x04, 0x55, 0x7e, 0x41, 0x78, 0x01, 0xdf
.byte 0xfe, 0xfd, 0x8d, 0x17, 0x69, 0x82, 0x95, 0xc8, 0x3c, 0xe2, 0x5b, 0xf5, 0xe1, 0x5e, 0x1a, 0x89
.byte 0x77, 0x97, 0x31, 0x10, 0x68, 0xcf, 0xbd, 0xe2, 0x4f, 0xa5, 0x69, 0x9b, 0x6b, 0xd9, 0xf6, 0xfb
.byte 0xaf, 0xd8, 0xbc, 0x12, 0x12, 0xe2, 0x35, 0xe7, 0x7a, 0xfb, 0x87, 0xba, 0x51, 0x85, 0x20, 0x73
.byte 0x19, 0xce, 0xfe, 0x47, 0xa3, 0x30, 0x76, 0xb1, 0x38, 0xf1, 0x02, 0x9f, 0x8b, 0x50, 0x96, 0x53
.byte 0x9e, 0xf1, 0x01, 0x96, 0xb3, 0x03, 0xa1, 0x3f, 0x4f, 0xb4, 0xb0, 0x57, 0xe6, 0x70, 0xe8, 0xed
.byte 0x47, 0x34, 0x5e, 0x8e, 0xec, 0x0a, 0x27, 0xd8, 0xb3, 0x1c, 0x3d, 0x60, 0x0c, 0x60, 0x9d, 0x0b
.byte 0x6b, 0x0a, 0x12, 0x1a, 0x6b, 0x33, 0xf9, 0x39, 0x6b, 0xb1, 0x57, 0xe6, 0x4e, 0x01, 0x12, 0x60
.byte 0xe9, 0x79, 0x4a, 0xb4, 0xb5, 0x64, 0x71, 0xf2, 0x18, 0xeb, 0x9b, 0xfe, 0x5a, 0x2c, 0xc7, 0x6c
.byte 0x9c, 0x5d, 0x5a, 0x95, 0xae, 0xaf, 0xea, 0xe3, 0x90, 0xa5, 0xb1, 0xfc, 0x9e, 0xd6, 0xbf, 0x5b
.byte 0xfe, 0x1f, 0x87, 0x0a, 0xa7, 0xce, 0xf7, 0xd8, 0x44, 0x65, 0xfa, 0xbf, 0x38, 0x44, 0xe0, 0xe4
.byte 0x2f, 0xd2, 0xea, 0xae, 0x44, 0xb9, 0x1c, 0xe7, 0x22, 0xbb, 0x91, 0xa3, 0x58, 0x15, 0xa2, 0x68
.byte 0xbd, 0x8e, 0xd8, 0x5a, 0xab, 0xad, 0x3e, 0x69, 0x2c, 0xe1, 0xb9, 0x5a, 0x69, 0x3e, 0x5c, 0x9d
.byte 0x38, 0xcb, 0x49, 0xb8, 0x5c, 0xcb, 0x9f, 0x9f, 0x05, 0xaa, 0xc4, 0xf1, 0x81, 0x66, 0x72, 0x5d
.byte 0xcd, 0x63, 0x99, 0xd5, 0x2a, 0x67, 0x2f, 0x47, 0xc3, 0x81, 0xef, 0xac, 0x72, 0x81, 0xb5, 0xee
.byte 0x6c, 0x48, 0xa3, 0x61, 0xfa, 0x59, 0x60, 0xfe, 0x26, 0xdb, 0x47, 0xcf, 0xc9, 0x17, 0x49, 0x3b
.byte 0x78, 0x3d, 0x91, 0xb1, 0x05, 0x7d, 0x01, 0x23, 0x0c, 0x81, 0x44, 0x2e, 0x59, 0x8b, 0xfe, 0x1e
.byte 0xd6, 0xa3, 0x0c, 0xdd, 0x2a, 0x3d, 0x89, 0x5b, 0xbb, 0x9e, 0xc5, 0x69, 0x24, 0x1c, 0x7d, 0x61
.byte 0x51, 0x46, 0xc3, 0x2e, 0xd2, 0x6d, 0x5b, 0xd8, 0x7c, 0x48, 0x7d, 0xfa, 0xdc, 0xc7, 0xf5, 0xf1
.byte 0x32, 0x44, 0x91, 0x5f, 0x86, 0xe4, 0x0c, 0x50, 0xe6, 0x18, 0xbf, 0x1f, 0x56, 0xbc, 0xd9, 0x7e
.byte 0xf4, 0x56, 0x02, 0xec, 0xde, 0x84, 0x9a, 0x24, 0x8d, 0x94, 0xd7, 0x74, 0xa2, 0xba, 0x48, 0x1b
.byte 0xfb, 0x80, 0x4b, 0x7f, 0x61, 0x69, 0x7b, 0x2e, 0xe0, 0x5c, 0x4f, 0x8a, 0x0c, 0x72, 0x63, 0x1b
.byte 0x8d, 0x96, 0x74, 0x44, 0x2d, 0xef, 0xcb, 0x75, 0x9b, 0xad, 0x56, 0x74, 0xaf, 0xdd, 0x75, 0x8e
.byte 0xae, 0x7e, 0x49, 0x0f, 0xf3, 0x7d, 0x3a, 0x40, 0x44, 0x31, 0xeb, 0x64, 0x16, 0x74, 0x4c, 0xbb
.byte 0xbf, 0x84, 0xdf, 0x5e, 0x34, 0x18, 0xd0, 0x64, 0xfd, 0xa2, 0xf8, 0x94, 0xb7, 0x1f, 0xa1, 0xf4
.byte 0x3e, 0x95, 0x57, 0x80, 0x6b, 0xa4, 0xd1, 0xeb, 0x04, 0xf6, 0x2f, 0x17, 0x75, 0x1a, 0x50, 0x73
.byte 0x59, 0xd1, 0xd6, 0xd0, 0xfc, 0xe4, 0x90, 0xc6, 0x10, 0x8d, 0x37, 0xd7, 0x06, 0x58, 0xff, 0x2b
.byte 0xb2, 0xaa, 0x35, 0xed, 0x54, 0x28, 0xda, 0xd9, 0xbd, 0x69, 0x7f, 0x7f, 0x6e, 0x87, 0xd9, 0x85
.byte 0x1b, 0x28, 0xea, 0x63, 0x47, 0xbd, 0x56, 0xd8, 0x86, 0xd2, 0x03, 0xb4, 0xa7, 0x20, 0xce, 0x0c
.byte 0xb1, 0x11, 0x08, 0x2f, 0x87, 0xb5, 0x65, 0xf0, 0x36, 0x56, 0x8a, 0x73, 0xaf, 0xa8, 0x5b, 0xf6
.byte 0x18, 0xb9, 0x7c, 0x56, 0x02, 0x9e, 0x8c, 0x14, 0x22, 0xa1, 0x9e, 0x05, 0xa0, 0x1f, 0xb0, 0x97
.byte 0xaa, 0x40, 0xa2, 0x10, 0xfd, 0xd9, 0x3f, 0x24, 0x3c, 0xbb, 0x71, 0x9b, 0xcb, 0xd5, 0x61, 0xda
.byte 0x4d, 0x73, 0xe3, 0xad, 0x77, 0x64, 0xb3, 0x1c, 0xbf, 0xf4, 0x61, 0x80, 0x85, 0x78, 0x2e, 0x98
.byte 0xe9, 0xfe, 0x18, 0x78, 0xdc, 0xa1, 0x94, 0x94, 0xd7, 0x1f, 0x79, 0xcb, 0xe5, 0xd9, 0xb7, 0x46
.byte 0xca, 0x37, 0xdb, 0xed, 0x42, 0x89, 0x7a, 0x7f, 0x9b, 0xa5, 0x6f, 0x54, 0x32, 0x76, 0x81, 0x8b
.byte 0xe8, 0x3a, 0xde, 0xba, 0x9e, 0x93, 0x84, 0xc2, 0x00, 0x0f, 0x6e, 0x0f, 0x70, 0xb6, 0x95, 0x40
.byte 0xd8, 0xd3, 0x81, 0x05, 0x38, 0x7d, 0xd2, 0x3b, 0xf4, 0x8f, 0x1f, 0x25, 0xb1, 0x4a, 0xb6, 0xaa
.byte 0x1f, 0x32, 0x26, 0x97, 0x8d, 0x64, 0x0f, 0xc0, 0xb7, 0xff, 0xa2, 0x1d, 0x94, 0x08, 0x01, 0x38
.byte 0xbc, 0x70, 0x5f, 0x99, 0xe7, 0xfd, 0xf9, 0x5b, 0x6c, 0xa3, 0x98, 0xd3, 0x03, 0xf9, 0x6f, 0xf5
.byte 0x0b, 0x76, 0xa3, 0x4d, 0x4a, 0x14, 0x55, 0xbb, 0x8a, 0x10, 0xa1, 0xf5, 0x5b, 0x60, 0xee, 0xb9
.byte 0x3c, 0x9a, 0x5c, 0x44, 0xc7, 0x9f, 0xbe, 0xac, 0xfc, 0x7c, 0x7a, 0xea, 0x37, 0x65, 0x38, 0x81
.byte 0x05, 0xa6, 0xd0, 0xbc, 0x95, 0x03, 0x1f, 0xf5, 0x7f, 0x5b, 0x51, 0x98, 0x74, 0x66, 0x20, 0x49
.byte 0x7b, 0xa3, 0xb3, 0xff, 0xcd, 0x0c, 0xde, 0x36, 0x33, 0x1f, 0x8c, 0xf6, 0x64, 0xf7, 0xb5, 0x1e
.byte 0xfe, 0x82, 0x8d, 0x25, 0x44, 0x8b, 0x7a, 0xe4, 0x9f, 0x93, 0x9a, 0xfa, 0x24, 0xd8, 0x71, 0x6e
.byte 0xec, 0x2d, 0x6b, 0x05, 0x41, 0x82, 0x74, 0x4d, 0x40, 0xbe, 0xa1, 0x11, 0xb1, 0xb8, 0x86, 0xdc
.byte 0xc5, 0xe2, 0xfe, 0x9a, 0x71, 0xcd, 0x4b, 0x3d, 0xb8, 0x63, 0x8a, 0x21, 0x28, 0x75, 0x93, 0x59
.byte 0x4c, 0x2c, 0xcf, 0x9e, 0x2f, 0x33, 0xac, 0x36, 0xfe, 0x40, 0xbe, 0x94, 0x31, 0x51, 0x16, 0x9d
.byte 0x06, 0x89, 0x65, 0xd3, 0x32, 0x29, 0xd8, 0xd2, 0xd0, 0x86, 0xa8, 0xb8, 0x25, 0x74, 0x24, 0x13
.byte 0xb2, 0x26, 0x40, 0x9c, 0x86, 0x0d, 0x5c, 0xcd, 0xfa, 0xc6, 0x3f, 0xe1, 0xa3, 0xd9, 0x41, 0x2a
.byte 0x63, 0xc2, 0xc9, 0x5c, 0x3b, 0x87, 0xbc, 0x5f, 0x6a, 0x4e, 0x9e, 0xed, 0x3d, 0x72, 0x43, 0x7f
.byte 0x81, 0x5e, 0x1e, 0x3f, 0x0f, 0x4a, 0xdc, 0x7e, 0xe9, 0x0b, 0xff, 0x12, 0x02, 0xf5, 0xf1, 0x87
.byte 0x22, 0x85, 0xe3, 0x46, 0x43, 0x2b, 0x15, 0xf5, 0x45, 0x73, 0x62, 0xba, 0xdb, 0xe7, 0xc6, 0x25
.byte 0x4b, 0x78, 0xe9, 0x0b, 0xb1, 0xcf, 0x51, 0x11, 0x45, 0xb9, 0x91, 0xf0, 0xf9, 0xaf, 0x4c, 0xdd
.byte 0x26, 0x38, 0x6e, 0xf7, 0x79, 0x22, 0x20, 0x43, 0x8a, 0x2c, 0xab, 0x51, 0x25, 0x8d, 0x67, 0x3d
.byte 0x63, 0xc7, 0x40, 0x5c, 0x21, 0x2f, 0xa6, 0xeb, 0x2b, 0x73, 0x9d, 0x0a, 0xc4, 0x37, 0x50, 0x16
.byte 0x33, 0x80, 0x69, 0xdd, 0xc6, 0xda, 0x52, 0xa9, 0x22, 0x33, 0x1d, 0xe8, 0xca, 0x6a, 0x93, 0x4b
.byte 0x40, 0x05, 0x67, 0x38, 0xd7, 0xb5, 0xd9, 0x06, 0x2c, 0x86, 0xd6, 0x4f, 0xd8, 0x09, 0xa9, 0x19
.byte 0x1f, 0x63, 0x69, 0x5e, 0x3c, 0x91, 0x13, 0xfe, 0xc6, 0x67, 0xc3, 0x5e, 0xe7, 0x32, 0x5d, 0xa2
.byte 0xf9, 0xf9, 0xc8, 0xb9, 0x69, 0x4c, 0x48, 0xca, 0x59, 0x07, 0x2b, 0xd8, 0x2d, 0x77, 0xf6, 0x09
.byte 0x1c, 0xad, 0xea, 0x7b, 0x3f, 0x8d, 0x50, 0xb9, 0x84, 0x5b, 0xe8, 0x88, 0x7e, 0x81, 0x39, 0x78
.byte 0xdc, 0x22, 0x8e, 0xff, 0x9b, 0x10, 0x80, 0x24, 0xe8, 0x95, 0x75, 0xf5, 0xf9, 0x29, 0xe0, 0xbd
.byte 0x46, 0x69, 0xe3, 0x4b, 0xc9, 0x91, 0x9c, 0xc1, 0x6e, 0x86, 0x95, 0x31, 0xd6, 0x7a, 0xfb, 0xbc
.byte 0x28, 0x00, 0xd3, 0xc9, 0xaa, 0x9b, 0xfb, 0xaf, 0x5b, 0xae, 0x4f, 0xc4, 0x14, 0xf1, 0xf1, 0x37
.byte 0x65, 0xd9, 0x95, 0xc8, 0x48, 0x1d, 0xe2, 0xa2, 0x8f, 0x1f, 0xc1, 0xdb, 0x0d, 0x6d, 0x9a, 0x51
.byte 0x00, 0xf3, 0xc8, 0xc0, 0xc7, 0x0d, 0x51, 0x98, 0xe3, 0x25, 0x34, 0xdb, 0xbb, 0x20, 0x9e, 0xa2
.byte 0x55, 0x5e, 0x74, 0xdc, 0x62, 0x8a, 0x47, 0xf8, 0xb5, 0xa4, 0x3b, 0xb5, 0x22, 0x50, 0xc1, 0x01
.byte 0x19, 0xdb, 0x04, 0xfd, 0x9e, 0x6a, 0x87, 0x12, 0x67, 0x1e, 0xae, 0x91, 0x0b, 0x4c, 0x37, 0xd6
.byte 0xfa, 0xd5, 0xe0, 0x72, 0xa5, 0x96, 0x3c, 0xbd, 0x48, 0xca, 0x1b, 0x3b, 0xc6, 0xce, 0x78, 0x61
.byte 0xe9, 0x7c, 0x94, 0x2a, 0xcd, 0xe5, 0xf5, 0xb8, 0x0c, 0x35, 0xc7, 0xef, 0x9d, 0x7d, 0x8c, 0x84
.byte 0x7a, 0xf8, 0x47, 0xe9, 0xdd, 0xc5, 0x46, 0x7a, 0xcd, 0x11, 0x8b, 0x3e, 0x9b, 0x9d, 0xd1, 0xcc
.byte 0x28, 0x20, 0x52, 0xe7, 0x42, 0x6e, 0x2d, 0xd8, 0xe3, 0xd0, 0x6a, 0x8c, 0xb3, 0xc4, 0xc6, 0xde
.byte 0x09, 0x96, 0x89, 0xf9, 0xd9, 0x84, 0x31, 0xd4, 0x2a, 0x3d, 0x50, 0x7e, 0xd7, 0x48, 0x63, 0x73
.byte 0xd8, 0x45, 0x47, 0x81, 0x21, 0x7d, 0xec, 0x99, 0x07, 0x0d, 0x59, 0x2a, 0xb3, 0xd1, 0xcb, 0xb5
.byte 0x75, 0x40, 0x6a, 0x2b, 0x7e, 0xff, 0x0f, 0x41, 0x23, 0xb0, 0x90, 0xe7, 0xdd, 0x6f, 0x49, 0xe9
.byte 0xd7, 0x27, 0x8e, 0xcc, 0x11, 0x72, 0x66, 0x0b, 0xc3, 0x61, 0x31, 0xb6, 0xfa, 0x2b, 0x93, 0x45
.byte 0x90, 0x6c, 0x90, 0x38, 0x45, 0x07, 0xa6, 0x16, 0x05, 0xbf, 0xb8, 0x06, 0xd7, 0xf2, 0xab, 0x52
.byte 0x2f, 0x1b, 0x28, 0x33, 0xa5, 0xf0, 0xa5, 0xf5, 0xf0, 0x92, 0x09, 0x8b, 0x1e, 0xc4, 0x98, 0xa4
.byte 0x9b, 0x3e, 0xa3, 0x52, 0x0c, 0x5a, 0x2b, 0xc0, 0x90, 0x44, 0x05, 0xcf, 0xf3, 0xce, 0x87, 0xd9
.byte 0x01, 0x0f, 0x78, 0xc0, 0x04, 0x4d, 0xb6, 0x62, 0xc5, 0xd7, 0x02, 0xcf, 0xe0, 0xef, 0x82, 0xbd
.byte 0x99, 0xbb, 0x5b, 0x19, 0xfe, 0x70, 0x95, 0xe7, 0x02, 0x0b, 0xce, 0xba, 0x5c, 0x2c, 0x74, 0x42
.byte 0x34, 0xdd, 0xe7, 0x47, 0x98, 0xef, 0x02, 0xcc, 0x05, 0x05, 0xca, 0x6e, 0x5b, 0xaf, 0x4b, 0x46
.byte 0xef, 0x1f, 0xc3, 0x5a, 0x41, 0x85, 0xe8, 0xa3, 0xc0, 0xce, 0x15, 0x1d, 0x70, 0x78, 0x53, 0xee
.byte 0x69, 0x62, 0x74, 0xec, 0x4c, 0x8b, 0x82, 0xcc, 0xdf, 0xdb, 0xa7, 0xfe, 0x3b, 0x9d, 0x7d, 0xc4
.byte 0xa4, 0x09, 0xb3, 0xb1, 0x14, 0xc5, 0xe2, 0xaf, 0xab, 0x04, 0x59, 0x50, 0x74, 0xc9, 0xf9, 0xfc
.byte 0xb8, 0x66, 0xb1, 0x3c, 0x38, 0x7a, 0x52, 0x1c, 0x3c, 0x84, 0xa4, 0xf1, 0xc6, 0xb2, 0x29, 0xfb
.byte 0x8c, 0xef, 0x6b, 0xc7, 0x07, 0xbb, 0xd4, 0x8c, 0x86, 0x8d, 0x3c, 0xf1, 0xd5, 0xd8, 0xd0, 0x64
.byte 0xb1, 0x59, 0x2a, 0xf9, 0x10, 0x08, 0x36, 0xda, 0xf5, 0x0a, 0x4a, 0x75, 0xa2, 0x54, 0x7e, 0xad
.byte 0x8e, 0x2b, 0xb1, 0x99, 0xcb, 0x1b, 0xe5, 0xef, 0x0c, 0xa6, 0x93, 0x94, 0x3e, 0x8e, 0x9f, 0x32
.byte 0xac, 0x40, 0x32, 0xa3, 0xd1, 0xa5, 0x97, 0x5b, 0xf5, 0x6b, 0xce, 0x88, 0x0d, 0x1c, 0x4f, 0xa3
.byte 0x3a, 0x4d, 0xbe, 0x56, 0x23, 0x84, 0xd7, 0xfd, 0x1a, 0xf6, 0x02, 0x78, 0x3b, 0x56, 0xe5, 0xef
.byte 0xb8, 0x24, 0xff, 0xa2, 0x92, 0x72, 0x38, 0xb1, 0x1e, 0x03, 0xf1, 0xf1, 0x3b, 0x68, 0xcd, 0xc6
.byte 0x2d, 0xd2, 0x52, 0x48, 0xad, 0x3b, 0xac, 0xea, 0x2b, 0x85, 0x12, 0x5d, 0x84, 0xfe, 0xc2, 0x19
.byte 0x39, 0x11, 0x65, 0x52, 0x07, 0x4b, 0x8e, 0x21, 0x21, 0x89, 0xa9, 0xd3, 0x96, 0x60, 0x50, 0xf5
.byte 0xd9, 0x24, 0x77, 0xfb, 0xfd, 0x80, 0x7a, 0x8d, 0x1f, 0xf2, 0x46, 0xce, 0x8a, 0x27, 0x7a, 0xce
.byte 0xb0, 0x6a, 0x68, 0x05, 0x66, 0x51, 0x64, 0x19, 0x6d, 0x05, 0xf0, 0x2f, 0xd5, 0x6c, 0xea, 0x20
.byte 0xaf, 0x33, 0x47, 0x3c, 0x98, 0xc2, 0x91, 0x44, 0x78, 0x50, 0x8e, 0xea, 0x86, 0x24, 0x01, 0xc0
.byte 0x16, 0x03, 0x98, 0x0e, 0x19, 0xbd, 0xc3, 0xd5, 0x39, 0xaa, 0x31, 0xd1, 0xf2, 0xa5, 0xb6, 0xf9
.byte 0x80, 0xbc, 0x2a, 0x39, 0xe8, 0x65, 0xcf, 0xb1, 0x1f, 0xc2, 0x03, 0xf6, 0xf1, 0xc7, 0x5e, 0x24
.byte 0xcb, 0xd4, 0xb2, 0x61, 0xd7, 0xf3, 0xf2, 0x6d, 0xe3, 0x71, 0xbc, 0x4e, 0x22, 0xc1, 0xf2, 0x4b
.byte 0x02, 0x9d, 0x53, 0x6f, 0x33, 0xa8, 0xbe, 0xa3, 0x7d, 0x14, 0x40, 0x68, 0x93, 0x10, 0x75, 0x4c
.byte 0x25, 0x1f, 0xc1, 0x75, 0x75, 0x50, 0x08, 0xd7, 0x2f, 0xd8, 0xc7, 0x03, 0x94, 0xe7, 0xc5, 0x06
.byte 0xab, 0x0f, 0xe9, 0x8d, 0xd8, 0xe3, 0xa5, 0x17, 0x62, 0x8b, 0xd7, 0xe0, 0xe4, 0x21, 0xcd, 0x98
.byte 0x26, 0xec, 0x60, 0xe0, 0xa7, 0xa6, 0xf3, 0x94, 0x78, 0xce, 0x52, 0x1f, 0xdc, 0x25, 0xb9, 0x05
.byte 0x99, 0x8b, 0x44, 0x21, 0x21, 0x31, 0xac, 0x61, 0x5d, 0x11, 0x08, 0xee, 0xb1, 0x3d, 0x1e, 0x8d
.byte 0x70, 0xf5, 0x3a, 0x0d, 0xca, 0x93, 0x39, 0x83, 0x8d, 0x8a, 0xe4, 0x08, 0x15, 0xc4, 0x7a, 0x40
.byte 0xcb, 0x03, 0x0f, 0xd1, 0xec, 0x05, 0x43, 0x5d, 0x1a, 0xdc, 0xd4, 0x33, 0x90, 0xf6, 0xf3, 0x35
.byte 0x44, 0xb9, 0xd5, 0x07, 0x03, 0x9b, 0x73, 0x0b, 0xd3, 0xc3, 0xb4, 0x27, 0x51, 0x21, 0x9e, 0xff
.byte 0x27, 0x98, 0xb6, 0xd9, 0xdf, 0xb6, 0x07, 0x79, 0x9b, 0x6e, 0x05, 0x1b, 0x0c, 0xb7, 0xae, 0x00
.byte 0xbf, 0xc1, 0x39, 0xef, 0xa6, 0x01, 0xd2, 0xfe, 0x9a, 0x78, 0xf5, 0x48, 0x9f, 0x13, 0x90, 0x96
.byte 0x9a, 0xb3, 0xa0, 0xff, 0xda, 0xed, 0xd2, 0xbb, 0x4b, 0x7c, 0x8b, 0x2d, 0x1d, 0x2b, 0x5c, 0x31
.byte 0xc2, 0x89, 0x81, 0xef, 0x14, 0xf3, 0x6e, 0x44, 0xff, 0xda, 0x08, 0x74, 0x34, 0xc2, 0x90, 0x75
.byte 0x88, 0x64, 0x86, 0xfa, 0x9c, 0x52, 0xf7, 0x93, 0x33, 0xd0, 0xb1, 0x0e, 0x33, 0xbc, 0x0f, 0x37
.byte 0x57, 0xe6, 0x54, 0xdc, 0xde, 0x28, 0x28, 0x05, 0xc7, 0x2f, 0xd8, 0xc1, 0xfc, 0x4b, 0x8f, 0x90
.byte 0xf1, 0x2d, 0x93, 0x16, 0x2c, 0x70, 0xe6, 0xbe, 0x5b, 0xd1, 0x42, 0xa2, 0xe1, 0xa6, 0x6f, 0xd9
.byte 0x33, 0x73, 0xb8, 0xa9, 0xbb, 0x6a, 0x4d, 0xe1, 0x53, 0x91, 0xd5, 0xf6, 0xf8, 0x0c, 0x58, 0x80
.byte 0x6b, 0xf8, 0x64, 0xa3, 0xa8, 0x7d, 0xaf, 0x46, 0x08, 0xc6, 0x61, 0x67, 0xcf, 0x34, 0x6e, 0x99
.byte 0x8d, 0xd7, 0x09, 0x48, 0xe6, 0x51, 0xcb, 0x5e, 0xdf, 0x4d, 0x68, 0x04, 0x5a, 0x94, 0xd7, 0x02
.byte 0x1d, 0x4f, 0xcb, 0x89, 0xd7, 0x61, 0x02, 0x13, 0xdc, 0x8c, 0x46, 0x6d, 0x27, 0x4d, 0x48, 0x64
.byte 0xd3, 0xcf, 0xcb, 0xcf, 0x82, 0x04, 0x74, 0xe5, 0xa6, 0xde, 0x0d, 0xff, 0x60, 0x4b, 0x97, 0xfa
.byte 0xa8, 0x01, 0x4a, 0xbb, 0x38, 0x7f, 0x5b, 0x80, 0x72, 0x65, 0xad, 0x9f, 0xcc, 0x3e, 0x8e, 0xa3
.byte 0xcf, 0x2c, 0x15, 0x6a, 0xb9, 0x27, 0x6f, 0xf4, 0x5e, 0xb5, 0x2d, 0xfa, 0x3f, 0x00, 0xfa, 0xaa
.byte 0xef, 0x41, 0xc6, 0x02, 0x7a, 0x83, 0x9c, 0x03, 0x04, 0x11, 0xd8, 0x9b, 0xb6, 0xb4, 0x1e, 0xa3
.byte 0x9b, 0x3e, 0xbb, 0x2d, 0x0c, 0x37, 0x88, 0x87, 0x4a, 0x09, 0xcc, 0xae, 0x70, 0x82, 0xa6, 0xf7
.byte 0xbc, 0x1a, 0xf2, 0xa7, 0x71, 0x4a, 0xc2, 0xee, 0x2b, 0x9f, 0xf1, 0x7f, 0xc8, 0x01, 0xa1, 0x73
.byte 0x31, 0xd8, 0xc7, 0x03, 0xb1, 0x57, 0x89, 0x1e, 0xc5, 0xec, 0xa5, 0x14, 0xd3, 0xee, 0x23, 0x74
.byte 0x77, 0xbf, 0xab, 0xc5, 0x62, 0x8f, 0x7e, 0x18, 0x6a, 0x90, 0xb1, 0x42, 0x85, 0x45, 0x20, 0x0d
.byte 0x25, 0x90, 0x84, 0x46, 0xf7, 0xd8, 0x9a, 0x2e, 0x5d, 0x61, 0x5f, 0x98, 0x89, 0x65, 0x8e, 0x9e
.byte 0x29, 0x41, 0x56, 0x1f, 0x0e, 0xd0, 0xee, 0x51, 0x79, 0xb9, 0x22, 0xc3, 0xd4, 0xb0, 0x0c, 0x52
.byte 0x54, 0xe8, 0xae, 0x6d, 0xee, 0xf3, 0x72, 0xfe, 0xab, 0xef, 0x69, 0xa4, 0x1b, 0x23, 0x59, 0x34
.byte 0x82, 0x82, 0x23, 0x36, 0x7f, 0xe9, 0xcf, 0x72, 0xfb, 0xe9, 0xf9, 0x98, 0x35, 0xc2, 0x78, 0xe8
.byte 0xce, 0x99, 0x21, 0xfa, 0xca, 0x99, 0x4b, 0xef, 0xbb, 0x02, 0x1b, 0x2f, 0xcc, 0x6a, 0x49, 0x13
.byte 0x6e, 0x2f, 0x2c, 0x35, 0x36, 0xae, 0x61, 0x58, 0xdf, 0xf8, 0x7b, 0x82, 0xfd, 0x8a, 0x79, 0xee
.byte 0x8f, 0xc7, 0x9b, 0xc2, 0x38, 0x7d, 0x63, 0xd6, 0x86, 0xca, 0xa6, 0x3c, 0xb6, 0xb1, 0xa8, 0x4e
.byte 0xef, 0x2c, 0x3f, 0x8b, 0x03, 0xfe, 0x51, 0x12, 0xd3, 0x12, 0xd8, 0x1f, 0xca, 0xc5, 0x7b, 0xf5
.byte 0x79, 0xde, 0x9b, 0x0f, 0x22, 0xc9, 0xca, 0xec, 0xdc, 0xf3, 0x20, 0x69, 0x24, 0x0c, 0x1f, 0x7d
.byte 0xb0, 0xf2, 0xd4, 0xd3, 0xb3, 0x0c, 0x33, 0x33, 0xd8, 0x0d, 0x56, 0xb0, 0x51, 0x41, 0x6c, 0xe8
.byte 0xb6, 0xac, 0x6d, 0x25, 0xc4, 0x0a, 0x18, 0xe5, 0x5f, 0x0d, 0x5d, 0x10, 0x3d, 0xf9, 0x22, 0x9a
.byte 0xf7, 0x2a, 0x29, 0x60, 0x89, 0x46, 0xd2, 0x46, 0x09, 0x15, 0x78, 0xa3, 0x87, 0xc4, 0xf4, 0x52
.byte 0xff, 0x07, 0x19, 0x37, 0x12, 0x98, 0x02, 0x4d, 0x53, 0xef, 0x82, 0x91, 0xce, 0xef, 0x78, 0xd4
.byte 0xdd, 0x3c, 0xd3, 0x4f, 0x1a, 0xed, 0xe2, 0x4c, 0xf4, 0x34, 0x15, 0xc6, 0x79, 0x12, 0xbd, 0xff
.byte 0xf7, 0xf9, 0xe5, 0xee, 0xf9, 0xe5, 0xba, 0xc8, 0x70, 0xb3, 0xc9, 0x95, 0x0c, 0xa9, 0x51, 0x95
.byte 0xbd, 0x27, 0x82, 0x77, 0x79, 0x10, 0xac, 0x09, 0x6a, 0x40, 0xb8, 0x90, 0x45, 0x4f, 0x32, 0x3b
.byte 0x9d, 0xdc, 0xfe, 0x06, 0xfb, 0xb9, 0x6a, 0x07, 0x34, 0xfe, 0x4c, 0xdc, 0xc3, 0x4b, 0xb5, 0x2f
.byte 0x4a, 0x85, 0x77, 0x6f, 0xeb, 0x43, 0xf5, 0x1a, 0xdb, 0x09, 0x81, 0x99, 0x4c, 0x69, 0x10, 0x7d
.byte 0x4d, 0x28, 0x7e, 0x9b, 0x22, 0x7a, 0xd5, 0xa4, 0x28, 0xbd, 0x9a, 0x50, 0x31, 0xb9, 0xcb, 0x5f
.byte 0x23, 0x90, 0xd5, 0xc5, 0x11, 0xf5, 0xc6, 0xb7, 0xfa, 0x66, 0x4b, 0x10, 0x91, 0xdd, 0xff, 0xb2
.byte 0xd2, 0xdc, 0xe4, 0x43, 0x2d, 0xea, 0xd9, 0x45, 0x7a, 0x42, 0x17, 0x39, 0x7a, 0xcf, 0x2b, 0xb6
.byte 0x6a, 0xbc, 0xb6, 0x45, 0x59, 0xbb, 0xe9, 0x5e, 0x6e, 0xb5, 0x12, 0xe5, 0x5c, 0x0c, 0x7c, 0xd8
.byte 0xc5, 0xa3, 0xac, 0xd5, 0x1c, 0x69, 0xcc, 0xd3, 0x50, 0xc3, 0x9f, 0x51, 0x4b, 0xf6, 0xc1, 0x0c
.byte 0x93, 0x64, 0x88, 0xfe, 0xc3, 0x98, 0x4e, 0xb6, 0xf2, 0x19, 0x02, 0x06, 0xe3, 0xd1, 0x35, 0x79
.byte 0x2e, 0x01, 0xad, 0x1b, 0x13, 0xe3, 0xa8, 0x0e, 0xe6, 0x76, 0x89, 0x43, 0xff, 0xb8, 0x1b, 0xe8
.byte 0xe1, 0x06, 0xe3, 0x93, 0x37, 0x52, 0x27, 0x2d, 0x82, 0xd0, 0xc9, 0x71, 0xa9, 0xb1, 0xd9, 0xc2
.byte 0x77, 0x6c, 0xd1, 0x45, 0x4b, 0x4e, 0x7b, 0x9e, 0xe1, 0xe3, 0x4c, 0x6c, 0xae, 0x61, 0x8d, 0xa2
.byte 0x24, 0x37, 0x40, 0x01, 0x34, 0xc3, 0xe7, 0x54, 0x25, 0xe1, 0x5b, 0x4a, 0x3e, 0xfb, 0x61, 0x48
.byte 0xec, 0x6f, 0x76, 0x03, 0x3e, 0xd0, 0x8a, 0x5a, 0x2c, 0xbf, 0x1b, 0x8b, 0x8b, 0xfe, 0xd2, 0x64
.byte 0x66, 0x8e, 0x88, 0x17, 0x01, 0xc9, 0xb9, 0x80, 0x52, 0x8e, 0x60, 0x48, 0xe1, 0x37, 0x9c, 0x03
.byte 0x13, 0x71, 0x51, 0xa3, 0x40, 0xf9, 0x1e, 0x0b, 0x0d, 0x9a, 0x47, 0xe4, 0xa2, 0x13, 0xe8, 0x89
.byte 0xa0, 0xae, 0xcb, 0x2d, 0x91, 0x51, 0xf7, 0x0a, 0x08, 0xe5, 0xe3, 0x7a, 0x6b, 0x60, 0xf7, 0x0a
.byte 0x73, 0xda, 0x28, 0x6b, 0xdb, 0x6c, 0xc9, 0x9f, 0xef, 0x37, 0x3b, 0x56, 0xce, 0xae, 0xd1, 0xb9
.byte 0x4b, 0x10, 0x4e, 0x36, 0xa2, 0x6a, 0x9c, 0x03, 0x37, 0x35, 0x4f, 0x67, 0x67, 0x53, 0x00, 0x04
.byte 0x98, 0x3f, 0x01, 0x00, 0x00, 0x00, 0x00, 0x00, 0xd1, 0x30, 0xd8, 0x12, 0x03, 0x00, 0x00, 0x00
.byte 0xcb, 0x40, 0x7c, 0x4b, 0x24, 0xbc, 0xc5, 0xcb, 0xd4, 0xce, 0xb4, 0xad, 0xb0, 0xac, 0xde, 0xca
.byte 0xac, 0xb2, 0xa2, 0x99, 0x9c, 0xc2, 0x94, 0x97, 0x98, 0x9c, 0xe4, 0xc5, 0xdc, 0xdf, 0xce, 0xbd
.byte 0xb5, 0xf3, 0xb7, 0xd5, 0x9d, 0x75, 0xef, 0xcc, 0x6b, 0xd8, 0xc5, 0xa2, 0xea, 0x4b, 0x57, 0x24
.byte 0x17, 0xf7, 0xf9, 0xa3, 0x0b, 0x1b, 0x3e, 0x8a, 0x81, 0xe4, 0xd4, 0x7a, 0x63, 0x19, 0xc9, 0xaa
.byte 0x46, 0x10, 0xb8, 0x7a, 0xd4, 0x90, 0x75, 0xed, 0xa0, 0x60, 0x00, 0xdd, 0xb5, 0x2c, 0x97, 0x03
.byte 0xe0, 0xc9, 0xfd, 0x39, 0x92, 0xff, 0xbe, 0xd6, 0x03, 0xbb, 0x51, 0xe1, 0x3f, 0x59, 0x91, 0x61
.byte 0x14, 0xa6, 0x78, 0xac, 0x95, 0xfd, 0xdd, 0x33, 0x72, 0x91, 0xea, 0x2d, 0x48, 0xe2, 0xfd, 0xe7
.byte 0x7c, 0xc7, 0x94, 0x19, 0xe4, 0x47, 0x02, 0x84, 0x20, 0x57, 0x6b, 0x99, 0x6e, 0xdc, 0xe8, 0x6f
.byte 0xe0, 0xe7, 0xda, 0x32, 0x4f, 0x54, 0xdf, 0xf7, 0xda, 0xdf, 0xec, 0x4c, 0x06, 0x6c, 0xed, 0x0f
.byte 0x82, 0x8a, 0xbf, 0x2d, 0x6b, 0xbc, 0xc9, 0xe9, 0xc3, 0x1c, 0x59, 0x71, 0x56, 0x99, 0xb2, 0xdb
.byte 0x09, 0xa3, 0xe4, 0x1c, 0x52, 0x99, 0x7e, 0x96, 0x59, 0x6c, 0x73, 0xe3, 0x8c, 0x5f, 0xd5, 0x0d
.byte 0x4a, 0xe7, 0x27, 0x5d, 0x1c, 0xd7, 0x34, 0x29, 0x84, 0x1d, 0x25, 0xaf, 0x73, 0x4a, 0xe7, 0x98
.byte 0x4f, 0x75, 0x2c, 0xca, 0xe3, 0xe0, 0x05, 0x1e, 0x2e, 0x61, 0xa8, 0xf9, 0xb8, 0xd8, 0x4c, 0x88
.byte 0xc7, 0x16, 0xf3, 0xd2, 0x99, 0xf1, 0xfe, 0x20, 0xe2, 0x5b, 0x62, 0x03, 0x99, 0x05, 0x68, 0xf8
.byte 0x7f, 0xa8, 0x28, 0x5b, 0x37, 0xd8, 0xc2, 0xd4, 0x0a, 0x2f, 0x9a, 0xae, 0x86, 0x90, 0x23, 0x4e
.byte 0xb5, 0x37, 0x02, 0x77, 0x47, 0xa2, 0x43, 0xd7, 0x02, 0x4c, 0x0a, 0xe1, 0xed, 0x3c, 0xab, 0xd7
.byte 0x28, 0x5e, 0x6d, 0xc4, 0x82, 0xe8, 0x5c, 0xc6, 0xcf, 0x3a, 0xf3, 0xf6, 0x7a, 0x1d, 0xe4, 0xac
.byte 0xdc, 0x1b, 0x24, 0xf6, 0x1d, 0x67, 0x78, 0xfc, 0x0f, 0xeb, 0x70, 0x3b, 0x1b, 0x31, 0x8d, 0xd7
.byte 0x4c, 0x12, 0xd8, 0x8e, 0x7b, 0xdc, 0x82, 0xb4, 0xe9, 0x48, 0xb1, 0xea, 0xc6, 0x01, 0xa2, 0x80
.byte 0xbc, 0x66, 0x16, 0x44, 0xec, 0x5e, 0x8f, 0x75, 0xa5, 0x08, 0x36, 0xfc, 0x38, 0xa2, 0x9f, 0x50
.byte 0xa5, 0x77, 0xd6, 0xfe, 0x05, 0x8e, 0x9a, 0x5b, 0x6c, 0xa2, 0x1c, 0x9e, 0x6d, 0x7f, 0xb9, 0x55
.byte 0xbc, 0xf2, 0xcb, 0x1b, 0x47, 0xe3, 0x43, 0x36, 0x20, 0xc6, 0xa2, 0xb9, 0xe3, 0x50, 0x84, 0x61
.byte 0x95, 0x51, 0xac, 0xe4, 0x1c, 0x66, 0xb8, 0xaa, 0x54, 0x55, 0x25, 0xab, 0xf7, 0x4d, 0xba, 0x04
.byte 0x04, 0x20, 0x2d, 0x73, 0xa2, 0x22, 0x61, 0xeb, 0x47, 0x6d, 0x59, 0xca, 0x43, 0x17, 0xad, 0xb2
.byte 0xbe, 0xb1, 0xd3, 0x38, 0x17, 0x36, 0xd0, 0xe7, 0x93, 0xf3, 0x43, 0x99, 0x84, 0x01, 0xcc, 0xbd
.byte 0x2a, 0x40, 0xa0, 0x92, 0xed, 0x02, 0x95, 0xfe, 0x25, 0xe0, 0x8b, 0x2c, 0x1e, 0x12, 0x47, 0xc6
.byte 0xae, 0xf6, 0x7b, 0xcb, 0xef, 0x7f, 0x91, 0xdb, 0x09, 0xb7, 0xd8, 0x05, 0xcc, 0xba, 0x64, 0x9f
.byte 0x4e, 0x90, 0x01, 0x36, 0x76, 0x01, 0x49, 0xb4, 0xfe, 0x99, 0xb7, 0xa8, 0x8f, 0xea, 0x8a, 0x83
.byte 0x29, 0xb6, 0x59, 0x00, 0xd3, 0xbc, 0x27, 0x19, 0x94, 0xf7, 0x93, 0xc6, 0x12, 0x5c, 0xbf, 0x6a
.byte 0xf1, 0x45, 0xfc, 0x88, 0x41, 0x7e, 0x27, 0x08, 0xad, 0x56, 0x70, 0x48, 0x66, 0x79, 0x1c, 0x95
.byte 0xad, 0x31, 0x72, 0x77, 0xdb, 0x5b, 0x7f, 0xbb, 0xdc, 0x4e, 0xa7, 0x0c, 0x42, 0xab, 0x5b, 0x14
.byte 0xa9, 0x4c, 0xb4, 0xf4, 0x22, 0xbb, 0x7d, 0x6a, 0x18, 0x7a, 0xa6, 0x19, 0xef, 0xea, 0x9b, 0xc8
.byte 0x92, 0x70, 0x10, 0x2b, 0x02, 0x9f, 0xfa, 0xf7, 0xcd, 0x51, 0x50, 0x64, 0x57, 0x64, 0x26, 0xa9
.byte 0x14, 0x9f, 0x1d, 0xef, 0x95, 0x94, 0x69, 0x3b, 0xe3, 0x1f, 0xa4, 0x72, 0xf8, 0x4b, 0x9f, 0x24
.byte 0xf4, 0xb2, 0x83, 0x3c, 0x2f, 0x65, 0x6a, 0x4e, 0x02, 0x30, 0x2f, 0xfe, 0x06, 0x92, 0xcb, 0x77
.byte 0xfc, 0x05, 0x0c, 0x76, 0x73, 0x3b, 0xdf, 0x0b, 0xc8, 0x65, 0xd9, 0x50, 0xa2, 0x34, 0x7a, 0x8c
.byte 0x00, 0x75, 0x33, 0xf6, 0x76, 0xba, 0x51, 0x47, 0x08, 0x02, 0x00, 0xfa, 0xe1, 0x88, 0x57, 0x97
.byte 0x81, 0x8b, 0xe8, 0x36, 0x46, 0xa3, 0x15, 0x9a, 0x01, 0x5c, 0xeb, 0xae, 0xac, 0x31, 0x5d, 0xc2
.byte 0x8d, 0x79, 0xbc, 0xc1, 0x1c, 0x4b, 0xcf, 0x67, 0xdd, 0xef, 0x23, 0x25, 0x7b, 0x80, 0x2e, 0xc8
.byte 0x03, 0xcc, 0x6c, 0x7f, 0xf3, 0xd8, 0x44, 0xf9, 0x42, 0x4e, 0x0c, 0x88, 0x53, 0x6d, 0xfa, 0x28
.byte 0xc7, 0xce, 0xfd, 0x05, 0xd4, 0x87, 0xcc, 0xda, 0x16, 0x6d, 0xe7, 0xe4, 0xd3, 0x6b, 0x23, 0x48
.byte 0xe4, 0x57, 0xd5, 0x4e, 0xf4, 0xba, 0x78, 0xc9, 0xc8, 0x39, 0xc6, 0x46, 0x3b, 0x21, 0xc9, 0x70
.byte 0x35, 0xbb, 0x0f, 0x5b, 0xdd, 0x61, 0x8a, 0x37, 0x91, 0x72, 0xe5, 0x8d, 0x0e, 0xcf, 0xdf, 0xdc
.byte 0x8c, 0x46, 0x3c, 0x54, 0xae, 0xce, 0xad, 0x8a, 0xc7, 0x07, 0x18, 0x90, 0x3a, 0xe1, 0x90, 0xd4
.byte 0x5a, 0x34, 0xd4, 0x36, 0x11, 0x46, 0x7d, 0x64, 0xeb, 0xd2, 0x26, 0x88, 0x43, 0x85, 0x6b, 0xda
.byte 0xf4, 0x3e, 0xc4, 0x6a, 0x01, 0x7a, 0xeb, 0x67, 0xdc, 0xd8, 0x74, 0xdd, 0xac, 0xcb, 0xec, 0xf1
.byte 0xc4, 0x78, 0x75, 0x0d, 0x13, 0x15, 0x66, 0x06, 0x64, 0x39, 0x89, 0x94, 0x67, 0x5d, 0xd8, 0x4e
.byte 0xfe, 0x90, 0x8b, 0x37, 0x61, 0x68, 0xa4, 0x85, 0xd8, 0x02, 0xf5, 0x24, 0xfe, 0xa2, 0x65, 0x78
.byte 0x5d, 0x75, 0x8f, 0x00, 0x35, 0xe9, 0xa3, 0x63, 0xd2, 0xed, 0x6c, 0x2c, 0x1d, 0x3d, 0x47, 0x81
.byte 0x29, 0xe6, 0xe4, 0x01, 0x89, 0xe7, 0xa9, 0xaf, 0x8c, 0xcf, 0x1e, 0xb6, 0x8a, 0xbb, 0x3a, 0xff
.byte 0xc0, 0x03, 0xfa, 0x8c, 0x34, 0xf2, 0xc6, 0x3a, 0x68, 0x8a, 0x31, 0x98, 0x91, 0x20, 0x27, 0xac
.byte 0x35, 0xa1, 0x34, 0x42, 0x9e, 0xc7, 0xd2, 0xb9, 0x52, 0x29, 0x6e, 0xba, 0x44, 0x63, 0xc1, 0x4f
.byte 0xee, 0x73, 0xdb, 0xb7, 0x90, 0xbf, 0x18, 0xf8, 0x7d, 0xd8, 0x21, 0xfd, 0xa6, 0x39, 0x81, 0x3a
.byte 0x9e, 0xed, 0x25, 0xf0, 0xc4, 0x1c, 0xc7, 0x84, 0x2b, 0x6d, 0x73, 0x17, 0x30, 0x8b, 0x90, 0xee
.byte 0xfb, 0x84, 0xa1, 0x6e, 0xc2, 0x13, 0x77, 0x1c, 0xb3, 0xde, 0x9e, 0xa5, 0xe5, 0x68, 0x7c, 0xdd
.byte 0x49, 0xa8, 0x59, 0x08, 0xc1, 0xfd, 0x58, 0xf3, 0x5a, 0x7a, 0x0f, 0xdc, 0xe5, 0x00, 0x16, 0xc9
.byte 0xbe, 0x16, 0x22, 0xd1, 0x41, 0x9e, 0xe8, 0xe8, 0x5a, 0xc7, 0x93, 0x77, 0x90, 0x5a, 0xec, 0x63
.byte 0xe0, 0x0c, 0x42, 0x9d, 0x0b, 0x1a, 0xd0, 0x6a, 0x86, 0xb4, 0x1c, 0xe6, 0x50, 0xb4, 0x96, 0x41
.byte 0xf2, 0x6f, 0xb9, 0x73, 0x7c, 0x6a, 0x68, 0x17, 0x05, 0x9f, 0xd5, 0x32, 0xac, 0xd3, 0x16, 0x87
.byte 0x23, 0x38, 0x7d, 0xd1, 0x76, 0xf8, 0x04, 0x91, 0xe6, 0x32, 0x43, 0xd1, 0x61, 0x1f, 0x3b, 0x53
.byte 0xcf, 0x75, 0x8b, 0x2d, 0xc4, 0x3b, 0xfd, 0xd0, 0x26, 0x0f, 0x32, 0xe6, 0xe6, 0x79, 0x71, 0x44
.byte 0xe2, 0x19, 0x3a, 0xa0, 0x26, 0xdf, 0xce, 0xfc, 0xfb, 0x64, 0x95, 0x9d, 0x38, 0x09, 0xd6, 0x55
.byte 0xab, 0x4f, 0xb4, 0x01, 0xa8, 0xd0, 0xd3, 0x9d, 0xdd, 0xdd, 0x54, 0x71, 0x22, 0x4b, 0x5b, 0xf0
.byte 0xea, 0xe6, 0x71, 0xd1, 0xdd, 0x9f, 0xcf, 0xf5, 0xf8, 0x1a, 0x21, 0x25, 0x4a, 0xdf, 0x8c, 0x93
.byte 0x15, 0x15, 0x2d, 0xb7, 0x26, 0x49, 0x58, 0x28, 0x97, 0x03, 0xa5, 0xb7, 0xee, 0x2e, 0x87, 0xc5
.byte 0x89, 0xc7, 0x0f, 0x7e, 0x63, 0x69, 0x81, 0xd8, 0xc1, 0xc9, 0x6d, 0x1c, 0x2f, 0x03, 0xe6, 0xff
.byte 0x11, 0xc3, 0x0f, 0xa6, 0x0d, 0xce, 0xc4, 0x3e, 0x0b, 0x92, 0x35, 0x98, 0x0b, 0xb6, 0x69, 0xbb
.byte 0xab, 0x1e, 0x13, 0x99, 0x9d, 0x26, 0xa0, 0x9a, 0xf2, 0xad, 0xeb, 0xc1, 0x99, 0x5a, 0x0a, 0x6a
.byte 0xcc, 0xe6, 0x98, 0xfc, 0x8e, 0x66, 0xa7, 0x5d, 0x4b, 0x14, 0x77, 0x23, 0x3b, 0xa2, 0x63, 0x7a
.byte 0x09, 0x24, 0xe2, 0x35, 0x8a, 0x26, 0x23, 0x1e, 0x4b, 0xc5, 0x76, 0x3f, 0x1b, 0x32, 0x2c, 0xf8
.byte 0xb8, 0xa9, 0x0b, 0xd6, 0x93, 0xe6, 0x4b, 0x98, 0x16, 0x8a, 0x31, 0x93, 0xf1, 0xb0, 0xe3, 0xeb
.byte 0xbc, 0x42, 0x19, 0x95, 0xe6, 0x3b, 0xa2, 0xd5, 0xb0, 0xdc, 0xc8, 0x8a, 0x7f, 0xd1, 0x3a, 0xd2
.byte 0xf1, 0xa9, 0x36, 0xf9, 0xc9, 0xb4, 0x56, 0x25, 0x45, 0x7c, 0x0f, 0x64, 0xe9, 0xd4, 0x93, 0xd5
.byte 0xdd, 0xd3, 0xc3, 0xb6, 0xed, 0x84, 0x54, 0xa9, 0x3d, 0x53, 0xd1, 0xb7, 0x4d, 0xb0, 0xa4, 0x89
.byte 0xc3, 0x86, 0x6f, 0x63, 0x40, 0xeb, 0xb1, 0xe9, 0xd8, 0xf8, 0x6e, 0xcf, 0x55, 0x7e, 0x0f, 0x42
.byte 0xe2, 0xf5, 0x08, 0x7b, 0x22, 0x52, 0xa1, 0x33, 0xd6, 0xdf, 0x28, 0x7f, 0xd5, 0x41, 0x83, 0x5b
.byte 0xc2, 0x74, 0x1d, 0xb2, 0x63, 0x57, 0x14, 0xd4, 0xe8, 0xc7, 0x41, 0xd8, 0xc5, 0xa2, 0xcc, 0x81
.byte 0x74, 0x07, 0x35, 0xf7, 0xa6, 0xf4, 0x6f, 0x56, 0x4c, 0xb1, 0x58, 0x2c, 0x26, 0x94, 0xbd, 0xc5
.byte 0x17, 0xfa, 0x13, 0xfa, 0x79, 0xe0, 0x9c, 0x6d, 0x41, 0xb8, 0x1c, 0xf7, 0x78, 0xb1, 0xba, 0x57
.byte 0xe8, 0x25, 0xe2, 0xbf, 0x11, 0x21, 0xcd, 0x72, 0x07, 0x69, 0xfb, 0x0a, 0xf1, 0x6f, 0xcd, 0x9c
.byte 0x16, 0x0b, 0xc8, 0xf2, 0xf9, 0x43, 0xb9, 0xe3, 0x9b, 0xf4, 0x19, 0xa2, 0xf4, 0xf0, 0xbe, 0xa4
.byte 0x1c, 0x38, 0x0b, 0x8c, 0x6f, 0xf8, 0x3b, 0x59, 0xf1, 0xeb, 0xb3, 0x2b, 0xf8, 0x61, 0x67, 0xce
.byte 0xcd, 0x6c, 0x21, 0x6b, 0x62, 0x73, 0x8d, 0x92, 0xcc, 0xd5, 0xcc, 0xd4, 0x22, 0x4e, 0x49, 0x8e
.byte 0xa3, 0x07, 0x44, 0x88, 0x08, 0x54, 0x74, 0x4b, 0xa6, 0x17, 0x95, 0x74, 0xe9, 0xe3, 0xad, 0x82
.byte 0xdc, 0x68, 0xbf, 0x91, 0x6f, 0x3c, 0xa9, 0x5a, 0x61, 0x17, 0xa7, 0x54, 0x7f, 0x16, 0xb5, 0xfa
.byte 0xd3, 0x02, 0xb9, 0x68, 0x55, 0xec, 0x38, 0xa9, 0xcf, 0x48, 0xe6, 0xba, 0xda, 0x7b, 0x01, 0xa6
.byte 0x1f, 0xb3, 0x56, 0xd3, 0x71, 0x59, 0xb0, 0x75, 0x67, 0x2f, 0x18, 0x2e, 0xce, 0x18, 0x75, 0x37
.byte 0xc1, 0xa4, 0xf5, 0x57, 0x25, 0x04, 0x2a, 0xc3, 0xd8, 0x0c, 0x67, 0xc0, 0x04, 0x4e, 0xea, 0x79
.byte 0xe3, 0x63, 0x74, 0x19, 0xdd, 0x58, 0x56, 0x47, 0xfe, 0x10, 0x26, 0x44, 0x93, 0xab, 0xb3, 0xb7
.byte 0x32, 0x34, 0x49, 0x26, 0xb6, 0x7a, 0x19, 0xd7, 0x7c, 0xce, 0xff, 0x12, 0x9d, 0xa8, 0x62, 0xfc
.byte 0x02, 0xa6, 0xaf, 0xd7, 0xad, 0x25, 0x01, 0xbc, 0xf5, 0xac, 0xf1, 0xa1, 0xe8, 0x34, 0xfb, 0xa5
.byte 0xea, 0xae, 0xe3, 0xb1, 0x51, 0x57, 0xda, 0x01, 0x92, 0xd6, 0x38, 0x40, 0xfa, 0xf1, 0xcb, 0x1c
.byte 0xab, 0x51, 0xb5, 0xfa, 0xe1, 0x6d, 0xc9, 0x8c, 0xc0, 0x19, 0x78, 0x11, 0x81, 0x64, 0x08, 0xec
.byte 0x5c, 0x94, 0xda, 0xec, 0x25, 0x76, 0xad, 0xf6, 0x36, 0xdf, 0xf5, 0xcb, 0x2a, 0x36, 0x19, 0xa2
.byte 0x49, 0xef, 0x76, 0xc8, 0x00, 0xf4, 0x8c, 0xdc, 0xb5, 0xe6, 0xc3, 0xb6, 0x87, 0x88, 0x9b, 0xfd
.byte 0x8a, 0xf1, 0x9f, 0x73, 0x4f, 0x64, 0x67, 0x41, 0x60, 0x58, 0xc3, 0xef, 0x5f, 0xa4, 0xbc, 0xf6
.byte 0x7c, 0x39, 0x91, 0xbb, 0xe5, 0x36, 0x59, 0xfd, 0xf7, 0x7b, 0x7c, 0x1d, 0x63, 0xa4, 0x89, 0x20
.byte 0x0f, 0xc6, 0x3b, 0x82, 0xe4, 0x03, 0x49, 0x71, 0xde, 0xa1, 0x87, 0x23, 0x7c, 0x5d, 0x99, 0xef
.byte 0xd9, 0x8e, 0x03, 0xd1, 0x51, 0xd4, 0xaf, 0x35, 0xd8, 0xc5, 0xb6, 0x22, 0x96, 0x6c, 0xa9, 0x07
.byte 0x94, 0xfe, 0xd5, 0x88, 0x42, 0x08, 0xc7, 0x5f, 0x8a, 0xdf, 0x4a, 0x8f, 0x2c, 0x65, 0x12, 0xf1
.byte 0x58, 0x2b, 0x1f, 0x94, 0xe2, 0x38, 0xb4, 0x52, 0x11, 0xdc, 0xb4, 0x15, 0x94, 0x10, 0x95, 0x7a
.byte 0xa5, 0x0d, 0x4c, 0x5f, 0xf2, 0x64, 0x16, 0xef, 0xed, 0x99, 0xb5, 0x92, 0x6b, 0x68, 0x8e, 0xc6
.byte 0x81, 0x0a, 0xb1, 0x32, 0x5b, 0xac, 0x97, 0xf3, 0x78, 0xaf, 0x81, 0x4a, 0x9a, 0xa9, 0x89, 0x89
.byte 0x70, 0xbb, 0xb7, 0xa9, 0x3d, 0x68, 0x18, 0x5d, 0x50, 0xb0, 0xd6, 0x49, 0xc4, 0x88, 0x28, 0x0a
.byte 0xa6, 0x2d, 0x4d, 0x36, 0xff, 0xac, 0x14, 0x04, 0xf4, 0xe7, 0xc5, 0x88, 0x95, 0xa0, 0x5a, 0xed
.byte 0xcb, 0xf6, 0x11, 0xb2, 0x60, 0xa6, 0x02, 0x31, 0x98, 0x7e, 0xaf, 0x74, 0xe0, 0x66, 0x78, 0x45
.byte 0xd3, 0x66, 0xba, 0xd9, 0x57, 0xc3, 0xe1, 0x29, 0x4b, 0x89, 0xf0, 0x19, 0x03, 0x6c, 0xd1, 0x84
.byte 0xfe, 0x13, 0xf9, 0xcb, 0x35, 0x34, 0xa9, 0xfa, 0xd2, 0xf4, 0x8f, 0x18, 0xf5, 0x79, 0x9e, 0xca
.byte 0xe2, 0x20, 0xa0, 0xd4, 0x3a, 0x2e, 0xd4, 0x98, 0x6d, 0x30, 0x40, 0xd9, 0x9c, 0x38, 0x4c, 0xb2
.byte 0x28, 0x8b, 0x77, 0x49, 0xd8, 0x21, 0xfc, 0x22, 0x10, 0x1b, 0xb0, 0x92, 0xfc, 0xf2, 0xde, 0x28
.byte 0x84, 0x04, 0x33, 0xa7, 0xf2, 0x8f, 0x24, 0x37, 0xe8, 0xa9, 0x5a, 0x32, 0xd3, 0xf1, 0x48, 0x9b
.byte 0x72, 0x8a, 0x28, 0x6c, 0x6e, 0x02, 0xf0, 0x2b, 0x62, 0xdb, 0x77, 0xfd, 0xac, 0xc0, 0xc7, 0xb2
.byte 0xe9, 0x7f, 0x09, 0xc8, 0x3c, 0x01, 0x76, 0x07, 0xe2, 0xdd, 0xc4, 0xa5, 0x45, 0xad, 0xd5, 0x6b
.byte 0x80, 0xbe, 0x88, 0x90, 0xa8, 0x9e, 0xe0, 0xc6, 0xe2, 0x33, 0xc0, 0x42, 0x6d, 0xb6, 0x9f, 0xab
.byte 0x60, 0xea, 0xc7, 0x45, 0xfa, 0x25, 0x4d, 0x18, 0xe8, 0x5b, 0x2e, 0x65, 0xaf, 0xa7, 0x76, 0x8e
.byte 0x1b, 0x32, 0x2f, 0xe8, 0x1c, 0xe1, 0x3c, 0x61, 0xc4, 0xdc, 0xb5, 0xe9, 0x38, 0xbe, 0xa6, 0xf3
.byte 0x9f, 0x34, 0x66, 0x60, 0x31, 0x95, 0x91, 0xf2, 0x7e, 0xe4, 0x48, 0xae, 0x56, 0x45, 0xea, 0x0a
.byte 0x51, 0xe3, 0x1c, 0xf5, 0xa5, 0x73, 0x47, 0x38, 0xcc, 0x45, 0x31, 0xe7, 0xc8, 0x3d, 0x45, 0x89
.byte 0xf6, 0xe3, 0xed, 0x66, 0x97, 0x1c, 0x89, 0x60, 0x91, 0x49, 0x10, 0x84, 0xf2, 0xbc, 0x26, 0xf1
.byte 0xcd, 0x0b, 0x78, 0x7e, 0x22, 0xf7, 0x98, 0xd0, 0x20, 0x17, 0x0a, 0x30, 0xc1, 0x37, 0x7b, 0xdd
.byte 0x24, 0xb6, 0xbe, 0x58, 0xea, 0x74, 0x0e, 0x5c, 0xf5, 0xaf, 0xee, 0xd0, 0xe0, 0xc0, 0x3a, 0xc1
.byte 0x39, 0xd1, 0xd0, 0x4c, 0x52, 0x44, 0xba, 0x49, 0xd4, 0xa5, 0x18, 0x00, 0xf7, 0x11, 0x0b, 0xb1
.byte 0x33, 0x8d, 0x04, 0x1f, 0x7b, 0x0e, 0xb9, 0xb2, 0x30, 0xaf, 0x08, 0x1f, 0x14, 0xd6, 0xee, 0x06
.byte 0x86, 0xbb, 0xd8, 0xc5, 0x96, 0x35, 0x24, 0xcf, 0xaf, 0xf6, 0x78, 0xf5, 0xf0, 0xa7, 0x70, 0x16
.byte 0xf9, 0xb7, 0xd6, 0x03, 0xfb, 0xcb, 0x81, 0x85, 0x15, 0xd9, 0x62, 0x6e, 0xfe, 0xc8, 0x93, 0xb7
.byte 0xd5, 0xe0, 0xf9, 0x0f, 0x90, 0x0b, 0xb2, 0xb7, 0xce, 0xe6, 0x09, 0xf4, 0xab, 0xd1, 0x25, 0x6b
.byte 0x78, 0x7e, 0xaa, 0x73, 0x28, 0xf9, 0x63, 0x89, 0x08, 0x63, 0x43, 0x83, 0xb4, 0xb2, 0x03, 0xa3
.byte 0xd7, 0x08, 0x98, 0xcb, 0xe2, 0x9d, 0xe7, 0x99, 0x26, 0xa5, 0xbc, 0x48, 0x8f, 0x0c, 0x71, 0x1b
.byte 0xa2, 0xf3, 0xbb, 0x18, 0xc7, 0x00, 0x78, 0x2e, 0x03, 0xf3, 0x28, 0xa7, 0x70, 0xdb, 0x46, 0xa5
.byte 0xe7, 0xb8, 0x84, 0x9f, 0xca, 0xcf, 0x6d, 0x59, 0xea, 0x81, 0x02, 0xc9, 0x3b, 0x26, 0x62, 0x79
.byte 0x13, 0x95, 0x10, 0x17, 0x32, 0x65, 0x7e, 0xd5, 0x67, 0x90, 0xd5, 0x19, 0xf8, 0xc0, 0x7b, 0xcc
.byte 0xf5, 0x19, 0x5f, 0x1b, 0x4a, 0x85, 0x79, 0xd9, 0xcb, 0xa9, 0x07, 0x79, 0xc1, 0x1a, 0xea, 0x83
.byte 0x2b, 0x23, 0x9a, 0x2c, 0x48, 0x34, 0x7b, 0xc4, 0x21, 0x43, 0x9f, 0x4c, 0x51, 0x5b, 0x30, 0x12
.byte 0x94, 0xc6, 0xc5, 0xf4, 0x51, 0xe4, 0xce, 0x9a, 0xf1, 0x76, 0x3e, 0x92, 0x03, 0xbb, 0x84, 0xb7
.byte 0xb2, 0xc5, 0xa1, 0x2d, 0xc1, 0x50, 0x8a, 0xdc, 0x4b, 0x0f, 0x38, 0xae, 0xba, 0xc4, 0x2c, 0x18
.byte 0x7c, 0xe9, 0x31, 0xce, 0x4f, 0x0a, 0x7f, 0x71, 0x56, 0x94, 0xc7, 0x4f, 0xd8, 0x44, 0xf9, 0xac
.byte 0x9f, 0xeb, 0xc3, 0xe8, 0x20, 0x4a, 0x10, 0x97, 0x69, 0x89, 0x24, 0x10, 0x6f, 0xfb, 0xb0, 0x6b
.byte 0xe3, 0x74, 0xac, 0x93, 0xf7, 0xc3, 0x32, 0x10, 0xb0, 0x84, 0x2c, 0x34, 0xb0, 0x66, 0x89, 0x70
.byte 0xd7, 0xd7, 0xeb, 0x97, 0x40, 0xaf, 0x6e, 0xe6, 0xbf, 0x85, 0xee, 0x0b, 0x3a, 0x43, 0xdd, 0xf9
.byte 0xa5, 0xed, 0xdc, 0xfb, 0x67, 0xcd, 0x1b, 0x60, 0xf8, 0x4d, 0xc6, 0x32, 0xe5, 0x82, 0xa6, 0xd1
.byte 0xe7, 0xbd, 0x06, 0x2b, 0x41, 0x12, 0xdd, 0x27, 0xc2, 0x26, 0xd2, 0x37, 0x4a, 0xdf, 0x9d, 0xa2
.byte 0xbf, 0x52, 0xbe, 0x69, 0x9a, 0xc9, 0xe7, 0xee, 0x8a, 0xec, 0x56, 0x58, 0x72, 0x50, 0x7b, 0x9e
.byte 0x71, 0x18, 0xa9, 0x42, 0x18, 0xd4, 0xb2, 0xda, 0x42, 0x55, 0xaf, 0x98, 0xed, 0xb5, 0x78, 0x26
.byte 0x7d, 0x2b, 0xbb, 0xda, 0xbf, 0xc1, 0x05, 0x11, 0x80, 0x9c, 0xfe, 0x41, 0x47, 0xbb, 0x64, 0x91
.byte 0x16, 0x5c, 0xc4, 0xa4, 0x5f, 0x9c, 0xf7, 0xb0, 0x74, 0x4e, 0x06, 0xbb, 0xbc, 0x94, 0xdf, 0xe2
.byte 0x96, 0x54, 0x1b, 0xa3, 0x6e, 0xfd, 0x0f, 0xd0, 0xb5, 0x32, 0x0b, 0xdf, 0x4d, 0x6b, 0xb1, 0xd1
.byte 0x9d, 0xce, 0x97, 0x46, 0x83, 0x95, 0x9b, 0x0f, 0xd8, 0x0c, 0xb4, 0xcd, 0x44, 0xc2, 0x04, 0x21
.byte 0xb1, 0x3c, 0x94, 0x88, 0xca, 0x1a, 0x3e, 0x88, 0xe8, 0xbe, 0x36, 0x10, 0xe0, 0x67, 0x70, 0x2d
.byte 0x01, 0x87, 0x17, 0xed, 0x8a, 0xc0, 0xc3, 0xfd, 0x54, 0xd7, 0xd4, 0x2a, 0xf3, 0x93, 0x65, 0x28
.byte 0x71, 0xe7, 0xb5, 0xa6, 0xf2, 0xe3, 0xa0, 0x20, 0xb5, 0xb8, 0x5e, 0xd1, 0x9e, 0x76, 0x42, 0x63
.byte 0x69, 0xcb, 0x8c, 0xb3, 0x4f, 0xeb, 0x7d, 0x6a, 0x50, 0x83, 0x8f, 0x23, 0x47, 0x3e, 0x4b, 0x9e
.byte 0x33, 0x96, 0xa9, 0x77, 0xe7, 0xe8, 0xde, 0xe4, 0x6e, 0xa6, 0xe7, 0xee, 0x82, 0x1d, 0x20, 0x8c
.byte 0xc0, 0x24, 0x68, 0x80, 0xe8, 0x57, 0xd7, 0x49, 0xba, 0x15, 0xf5, 0xd2, 0x73, 0xb0, 0x77, 0x87
.byte 0xda, 0xbd, 0xf0, 0x68, 0x11, 0x32, 0x4a, 0xaf, 0x32, 0x1c, 0x56, 0x8c, 0xfd, 0x9f, 0xad, 0x4b
.byte 0xee, 0xac, 0xeb, 0xfe, 0x2f, 0x51, 0x2f, 0x5d, 0x88, 0xcf, 0xb1, 0xdb, 0xd9, 0x1c, 0x3c, 0x0f
.byte 0xbb, 0xac, 0x7c, 0x8b, 0x7e, 0x0b, 0x1d, 0x14, 0xf9, 0x0f, 0x75, 0x3f, 0x0a, 0xce, 0xed, 0xe1
.byte 0xa3, 0x36, 0xa9, 0x63, 0x8a, 0x51, 0xc0, 0x3f, 0xc0, 0xf2, 0x10, 0xe1, 0x88, 0xe2, 0xcd, 0x74
.byte 0x0d, 0x9b, 0xb6, 0xa6, 0x7b, 0xfb, 0xad, 0xfb, 0x05, 0x0b, 0xd8, 0xc2, 0x89, 0x69, 0x86, 0x08
.byte 0x56, 0xed, 0xfa, 0xae, 0xdf, 0x1d, 0xbb, 0x95, 0x1c, 0x03, 0xa8, 0xef, 0x84, 0x20, 0x42, 0xaf
.byte 0xf8, 0x0d, 0x14, 0x81, 0xd9, 0x70, 0x28, 0xdf, 0xca, 0x0f, 0x70, 0x28, 0x1c, 0x6c, 0x25, 0xe9
.byte 0xc6, 0xce, 0x15, 0x48, 0x56, 0x01, 0x64, 0xc6, 0xf3, 0x85, 0x0e, 0x70, 0xb5, 0x56, 0x1b, 0xe0
.byte 0xaa, 0xef, 0x3d, 0x4f, 0x05, 0x73, 0x3c, 0xe2, 0x51, 0x78, 0x27, 0x01, 0x05, 0x35, 0x27, 0xfc
.byte 0x75, 0xb0, 0xed, 0xdc, 0xff, 0x9a, 0xe0, 0x19, 0xf6, 0x4c, 0xfe, 0xb4, 0x39, 0x98, 0x67, 0x3a
.byte 0xe7, 0x57, 0x2a, 0x69, 0x14, 0x20, 0xa6, 0x7d, 0xbe, 0x44, 0x93, 0x75, 0xef, 0x9b, 0x2d, 0x68
.byte 0x6d, 0x81, 0x7b, 0x95, 0xb1, 0x7e, 0xce, 0xa0, 0xf7, 0x70, 0x4e, 0x4f, 0x14, 0x1b, 0x58, 0x76
.byte 0x3b, 0x23, 0x52, 0x6d, 0x4a, 0x7f, 0x9a, 0xdb, 0x35, 0xa6, 0xd2, 0x4d, 0x3c, 0x43, 0xfb, 0xf6
.byte 0x7a, 0x5a, 0xa5, 0xb6, 0x39, 0x7b, 0x49, 0x4b, 0xda, 0x48, 0x54, 0xf2, 0xc4, 0xd8, 0x8d, 0x7a
.byte 0x94, 0xe1, 0x3e, 0x14, 0x34, 0xfb, 0xab, 0xce, 0x3a, 0x36, 0x12, 0xd9, 0xd8, 0xc2, 0x67, 0x4d
.byte 0xd0, 0xb2, 0xe3, 0xdc, 0x05, 0xe9, 0x2c, 0x6f, 0x15, 0x44, 0xc6, 0xfb, 0x6f, 0xe0, 0x23, 0x48
.byte 0xec, 0xe2, 0x07, 0x20, 0xcb, 0x1c, 0xfa, 0xad, 0xe5, 0xd0, 0xdb, 0xab, 0x2e, 0x0b, 0x82, 0x53
.byte 0x01, 0xcd, 0x53, 0x11, 0x15, 0x2d, 0xe1, 0x11, 0x86, 0x69, 0x0e, 0xcf, 0xc2, 0x67, 0x0e, 0x81
.byte 0x36, 0xb0, 0xd0, 0x29, 0x89, 0x02, 0x10, 0xda, 0x58, 0x6f, 0x62, 0xad, 0x42, 0x78, 0x28, 0xd4
.byte 0x49, 0x94, 0xc3, 0x6d, 0x32, 0xb3, 0x1f, 0x40, 0x81, 0xb4, 0x4a, 0xf6, 0x6e, 0x3d, 0x6b, 0x1f
.byte 0x1d, 0x01, 0xc1, 0x0a, 0xc8, 0xd3, 0x4e, 0x10, 0x89, 0x33, 0xed, 0xef, 0xf5, 0x68, 0x80, 0x2c
.byte 0xc4, 0x11, 0xec, 0xd8, 0x1a, 0x64, 0x98, 0x22, 0x0c, 0xc6, 0x5c, 0x35, 0x77, 0x27, 0xb9, 0xea
.byte 0x2c, 0xfd, 0x10, 0xf4, 0x2e, 0x7a, 0x27, 0x86, 0xe4, 0xd4, 0x1a, 0x7c, 0xbb, 0x1f, 0x80, 0x10
.byte 0xd6, 0x9a, 0x19, 0x22, 0x5c, 0x9b, 0x69, 0xb0, 0x4d, 0x15, 0x81, 0x3f, 0xbb, 0x0b, 0x65, 0x7c
.byte 0xc3, 0x80, 0xda, 0xee, 0xdf, 0xd8, 0x0c, 0x6b, 0x7a, 0xea, 0xb7, 0xf4, 0xfe, 0x64, 0x7d, 0x39
.byte 0x3e, 0x5b, 0xa3, 0xe1, 0xea, 0x04, 0x24, 0xc4, 0x5c, 0xf3, 0x27, 0xf5, 0x07, 0x61, 0xd5, 0xa4
.byte 0x3e, 0x0e, 0x21, 0x46, 0x70, 0xfc, 0x4d, 0x3a, 0x32, 0xba, 0x34, 0xa9, 0xed, 0x5f, 0x8d, 0x63
.byte 0xc3, 0x5d, 0x7e, 0x26, 0xb0, 0x76, 0x2e, 0x6c, 0xbb, 0xe8, 0x8f, 0xea, 0x87, 0xb5, 0xc6, 0xaa
.byte 0x1a, 0xda, 0x80, 0x06, 0xe4, 0xe7, 0x02, 0x89, 0x09, 0xc1, 0x75, 0x3a, 0x38, 0xda, 0x33, 0xbe
.byte 0x69, 0x8e, 0xe5, 0x34, 0x38, 0xdf, 0x6c, 0xe7, 0x87, 0x77, 0xd2, 0x01, 0xbe, 0xff, 0x4d, 0x84
.byte 0xd3, 0xc2, 0x1e, 0x12, 0xcc, 0x62, 0x8c, 0xa6, 0x49, 0x5f, 0x2c, 0x68, 0x74, 0xdf, 0x52, 0xe0
.byte 0xca, 0xf6, 0xcf, 0xa8, 0x19, 0x76, 0xae, 0xdc, 0x51, 0xcc, 0x30, 0x43, 0x7a, 0x00, 0x58, 0x98
.byte 0x17, 0x93, 0x0e, 0x4d, 0xdc, 0x23, 0xd4, 0x9f, 0x45, 0x35, 0x01, 0x73, 0x54, 0x18, 0xc8, 0x6b
.byte 0x77, 0x2a, 0xb1, 0x56, 0x00, 0x37, 0xe3, 0x0b, 0xce, 0xeb, 0x6e, 0x56, 0xc4, 0xeb, 0xf1, 0x05
.byte 0x99, 0xd8, 0xc0, 0x14, 0x41, 0x6c, 0x1e, 0xba, 0x36, 0xbb, 0x43, 0x86, 0xad, 0xc1, 0x59, 0x68
.byte 0x1d, 0x27, 0x60, 0xfa, 0x58, 0x14, 0xac, 0xfa, 0x3c, 0x1c, 0xdf, 0x93, 0x88, 0xfb, 0x9c, 0x58
.byte 0xbd, 0x0c, 0x05, 0xb5, 0xa3, 0x29, 0x20, 0x97, 0x71, 0xfc, 0x66, 0x23, 0x2f, 0x1a, 0x3c, 0x66
.byte 0xb2, 0xd9, 0x79, 0xab, 0x95, 0x03, 0x30, 0x35, 0x8e, 0x7b, 0xc3, 0x20, 0xfd, 0x38, 0x18, 0x87
.byte 0x62, 0xbd, 0x5a, 0x3c, 0xbe, 0x1b, 0x39, 0xfc, 0x9e, 0xb4, 0x99, 0x7f, 0x84, 0xec, 0x6d, 0xe0
.byte 0x91, 0x5d, 0xeb, 0x63, 0x55, 0x33, 0x0b, 0x4e, 0x72, 0x6e, 0x94, 0xd5, 0x75, 0xd9, 0x75, 0x15
.byte 0x46, 0x61, 0x84, 0x82, 0x6c, 0xb5, 0xda, 0xfc, 0xc0, 0xe8, 0x3c, 0x55, 0x92, 0x37, 0x1f, 0x2f
.byte 0x95, 0x7e, 0xad, 0x09, 0xf1, 0xc2, 0x78, 0x05, 0x76, 0x17, 0x53, 0x4a, 0x58, 0xf9, 0xd8, 0x18
.byte 0x68, 0xb9, 0x66, 0xd8, 0xc4, 0xd7, 0x62, 0x3f, 0x2c, 0x81, 0x91, 0xd6, 0x62, 0xa6, 0x4b, 0xb2
.byte 0x4b, 0xda, 0x70, 0xfd, 0xc1, 0xb8, 0x62, 0xdc, 0x37, 0xce, 0x85, 0x9a, 0x21, 0xb9, 0x69, 0x8a
.byte 0x2d, 0x39, 0xc6, 0xc2, 0x0d, 0x18, 0xa1, 0xe0, 0x6f, 0xff, 0x5f, 0x4d, 0xb7, 0x0a, 0xff, 0xe4
.byte 0x60, 0xb9, 0xf7, 0xd7, 0xe7, 0x0f, 0xca, 0x6a, 0xe5, 0x5b, 0xd9, 0xb3, 0xa2, 0xe7, 0x72, 0x3c
.byte 0x6e, 0xd3, 0x67, 0xd8, 0xc7, 0x9e, 0xd3, 0x74, 0xe9, 0x4e, 0x34, 0x68, 0xb2, 0x00, 0xb8, 0xde
.byte 0x57, 0xf8, 0xb0, 0x21, 0xc6, 0x94, 0x7c, 0xc6, 0x4e, 0xb3, 0xb2, 0x6d, 0xf9, 0x24, 0x61, 0x13
.byte 0xf0, 0xee, 0xd7, 0x72, 0x25, 0xdd, 0xb1, 0xa4, 0x2b, 0x6b, 0x27, 0xd2, 0x14, 0x6f, 0x61, 0x0c
.byte 0x76, 0x4a, 0x17, 0x1e, 0xcd, 0x59, 0x38, 0x1b, 0xbe, 0xb2, 0xf4, 0x3e, 0x2b, 0xb5, 0xa6, 0xd7
.byte 0x7a, 0xdd, 0xc3, 0xbb, 0x6f, 0x0b, 0xa0, 0xa4, 0xdf, 0x09, 0xb8, 0x65, 0x7c, 0x59, 0x36, 0xd1
.byte 0x96, 0xb6, 0x83, 0xf0, 0xe1, 0x07, 0xd1, 0xf3, 0x87, 0x01, 0xec, 0x77, 0x2b, 0x5a, 0xda, 0x79
.byte 0x3e, 0x15, 0xa8, 0xd2, 0x61, 0x2d, 0xc7, 0xf7, 0x30, 0x3b, 0x73, 0xfd, 0x5f, 0x27, 0xea, 0xd9
.byte 0x5e, 0x27, 0xef, 0x92, 0x43, 0x32, 0x6a, 0x40, 0xd7, 0x61, 0xcb, 0xdd, 0x01, 0x13, 0x8d, 0x3a
.byte 0x67, 0xdc, 0x16, 0xd8, 0x6a, 0x89, 0xae, 0x46, 0xd8, 0x3e, 0x1c, 0xbe, 0x34, 0xef, 0x49, 0x60
.byte 0x3e, 0xce, 0xf4, 0x89, 0x8e, 0x93, 0x69, 0xd8, 0xc2, 0x7d, 0x2b, 0xab, 0x36, 0x78, 0x52, 0xa3
.byte 0x51, 0xd0, 0xc3, 0xb8, 0x1f, 0x60, 0x0f, 0x33, 0xdf, 0x84, 0xac, 0x11, 0x1b, 0xf6, 0x4b, 0x6d
.byte 0xbf, 0x72, 0x6b, 0x0c, 0x5b, 0xa0, 0x95, 0x3c, 0x7d, 0xcc, 0xa1, 0x13, 0x33, 0x67, 0xce, 0xa7
.byte 0x77, 0x0f, 0x6a, 0x14, 0xba, 0x18, 0x9e, 0x63, 0xee, 0xce, 0xb0, 0x4c, 0x00, 0xf4, 0x60, 0x32
.byte 0x36, 0x9c, 0x9e, 0x25, 0x70, 0x84, 0xa6, 0x47, 0xa2, 0x67, 0xf7, 0x35, 0x2c, 0xfa, 0x9f, 0x53
.byte 0xdb, 0x7d, 0x32, 0x89, 0x72, 0xa4, 0x2a, 0x2e, 0xfd, 0xaa, 0x3b, 0xd2, 0x42, 0x1a, 0x0a, 0xee
.byte 0xa2, 0x77, 0xf5, 0xf9, 0xdb, 0xda, 0x3d, 0x12, 0x5d, 0xf8, 0xa5, 0x9c, 0x87, 0x9c, 0xfd, 0x9a
.byte 0xaa, 0xd2, 0xc5, 0x55, 0x66, 0x9c, 0x50, 0x90, 0xe1, 0x5c, 0xcd, 0x49, 0x56, 0x68, 0x37, 0xac
.byte 0x1d, 0x64, 0x9e, 0x7c, 0x64, 0xda, 0xb4, 0xbf, 0xc7, 0xc2, 0xa7, 0x40, 0x1d, 0x17, 0x9e, 0xb6
.byte 0xc9, 0x0a, 0xf5, 0x10, 0xfc, 0x50, 0x71, 0x34, 0xfb, 0x54, 0xc2, 0x79, 0xbf, 0x6f, 0xd8, 0xc2
.byte 0x7d, 0x2c, 0x78, 0x69, 0xbb, 0x19, 0xa2, 0xd6, 0x46, 0x82, 0xeb, 0x3b, 0xe5, 0xed, 0x76, 0x4c
.byte 0xb9, 0xdf, 0x9e, 0xe1, 0xe2, 0xd9, 0x5b, 0x9b, 0xb0, 0x17, 0xfa, 0x94, 0x65, 0xb8, 0x14, 0x36
.byte 0xb6, 0xdc, 0x48, 0x40, 0xcc, 0x3c, 0x84, 0x71, 0x34, 0x1c, 0xf5, 0x3e, 0xa9, 0xec, 0x1c, 0xba
.byte 0x2e, 0xb9, 0x01, 0x04, 0xf9, 0x43, 0x2b, 0xbc, 0x26, 0x8a, 0x76, 0x82, 0xb8, 0xfb, 0x85, 0x49
.byte 0xb2, 0xb6, 0x93, 0x5e, 0x8e, 0x0c, 0xf8, 0xdf, 0x81, 0x8e, 0xdd, 0x36, 0x34, 0x1c, 0x89, 0xf7
.byte 0x5f, 0xaf, 0xd6, 0xee, 0xbd, 0xd6, 0xde, 0xe9, 0x20, 0xd0, 0x3a, 0x23, 0x3d, 0xc6, 0x63, 0xa3
.byte 0x01, 0x28, 0xa3, 0x9e, 0x98, 0xc7, 0xba, 0xef, 0x3e, 0xfe, 0x74, 0xd1, 0x7b, 0xc3, 0x2b, 0xcc
.byte 0x04, 0x84, 0x7d, 0x61, 0xad, 0xae, 0x8f, 0xbb, 0x29, 0x79, 0xf9, 0x0d, 0xac, 0x89, 0xe7, 0xb6
.byte 0x1b, 0x44, 0x0c, 0xd5, 0xf9, 0x63, 0x09, 0x27, 0x62, 0x53, 0x8f, 0x9c, 0x0a, 0xd3, 0x2f, 0x8d
.byte 0x3f, 0xcb, 0x11, 0x2b, 0x8e, 0xf5, 0xd8, 0x27, 0xca, 0x6b, 0x58, 0x03, 0xdc, 0xaf, 0x6a, 0x27
.byte 0x63, 0x81, 0x6d, 0xa7, 0x0d, 0xdc, 0x5c, 0x3d, 0xa4, 0xa4, 0xf3, 0x51, 0x2b, 0x09, 0x84, 0x19
.byte 0x21, 0x47, 0x13, 0x60, 0xe3, 0xb3, 0x41, 0xef, 0x62, 0x65, 0x3d, 0x86, 0x5c, 0xb3, 0xa8, 0xd4
.byte 0x1e, 0xf9, 0x72, 0x8f, 0x0e, 0xc8, 0x23, 0x9e, 0x18, 0xd0, 0x3a, 0xe4, 0xf5, 0x26, 0xd6, 0x7f
.byte 0xc4, 0xdd, 0x8a, 0x38, 0x38, 0x06, 0x27, 0x0a, 0x76, 0x24, 0xa9, 0xd1, 0x57, 0x0e, 0x2e, 0x8e
.byte 0xb1, 0x83, 0x28, 0x0a, 0x48, 0xc0, 0x89, 0x99, 0xa6, 0x48, 0x43, 0x1e, 0xa3, 0x85, 0x98, 0x56
.byte 0xc7, 0x8a, 0xe0, 0x71, 0x34, 0xe7, 0x83, 0x29, 0x0d, 0x2b, 0x9f, 0x7f, 0xb5, 0xfc, 0xa5, 0xff
.byte 0xa4, 0x0b, 0x37, 0x65, 0xeb, 0xf8, 0x9f, 0x64, 0x25, 0x73, 0xda, 0xfd, 0x8f, 0xfb, 0x2b, 0x1b
.byte 0xf4, 0x24, 0xea, 0xb3, 0xb0, 0x0a, 0x89, 0x2c, 0x60, 0x58, 0x36, 0x3c, 0x6f, 0xb2, 0xc9, 0xa1
.byte 0x76, 0x76, 0xb6, 0xa1, 0x47, 0xaa, 0xb8, 0x58, 0xd3, 0xfe, 0x81, 0xdc, 0x15, 0x04, 0x9b, 0xc6
.byte 0x33, 0x33, 0xd8, 0x75, 0x93, 0xdb, 0xda, 0x2b, 0x58, 0xa6, 0x1e, 0xcc, 0xd2, 0xf1, 0x09, 0x0c
.byte 0xab, 0x5c, 0xad, 0xe8, 0x72, 0x2f, 0xfe, 0xb9, 0xb0, 0x68, 0x70, 0x85, 0x99, 0x60, 0x7a, 0x75
.byte 0x8f, 0x68, 0xdc, 0x62, 0x33, 0x2e, 0x01, 0xb4, 0xdd, 0x2f, 0x42, 0xc8, 0xee, 0xc0, 0xc1, 0x55
.byte 0xa8, 0xab, 0x85, 0xce, 0x82, 0x9d, 0xeb, 0x4e, 0x83, 0xc3, 0x80, 0x1d, 0xc3, 0x65, 0x3a, 0x68
.byte 0xdd, 0x81, 0x07, 0xa5, 0xfb, 0xf3, 0x5a, 0x14, 0x5d, 0x08, 0x10, 0xa0, 0x89, 0x69, 0xb8, 0x8c
.byte 0x3b, 0x53, 0x79, 0x97, 0x6d, 0x45, 0x20, 0x20, 0x20, 0x84, 0x65, 0xea, 0x32, 0x2e, 0x52, 0xf9
.byte 0x70, 0x33, 0x2d, 0x72, 0xf7, 0x45, 0x44, 0xb4, 0x63, 0x7c, 0x99, 0x9f, 0xbe, 0xa3, 0xa4, 0x83
.byte 0x2c, 0x69, 0x11, 0x32, 0x52, 0x92, 0x3c, 0x07, 0xf9, 0xc8, 0x9b, 0x43, 0x96, 0x69, 0xf4, 0xbc
.byte 0x31, 0xc9, 0xd8, 0xfc, 0xff, 0x3d, 0xb4, 0xfb, 0x2a, 0xaf, 0x69, 0xae, 0x6b, 0xd4, 0x33, 0x30
.byte 0x39, 0x5c, 0x68, 0x44, 0x80, 0xfb, 0x7b, 0xc9, 0x33, 0x64, 0x4a, 0x2e, 0x3b, 0x34, 0x8a, 0x8b
.byte 0x12, 0xc6, 0xb6, 0xe8, 0x3f, 0x3d, 0xfb, 0xa2, 0xa3, 0xdf, 0x2d, 0x3f, 0xfb, 0x57, 0xcc, 0xf1
.byte 0x6c, 0xcd, 0x6c, 0xed, 0xcf, 0xe5, 0xed, 0xdd, 0xec, 0x91, 0xf8, 0x09, 0xff, 0x94, 0xd7, 0xa0
.byte 0xff, 0xaf, 0x58, 0x28, 0x12, 0x2b, 0xe1, 0x8f, 0x3f, 0x12, 0xdc, 0x95, 0x48, 0xf0, 0x78, 0xae
.byte 0x74, 0x27, 0x8f, 0x5e, 0xdd, 0x9e, 0xb9, 0xe5, 0xb3, 0x10, 0x12, 0xe6, 0xa1, 0xdf, 0x6f, 0xde
.byte 0xde, 0x50, 0x48, 0x0d, 0x67, 0x72, 0xd8, 0x75, 0xf3, 0x07, 0xc5, 0x17, 0xd4, 0x67, 0xe5, 0x8b
.byte 0xbf, 0x54, 0x4f, 0x1d, 0xdb, 0x18, 0xe7, 0x20, 0xef, 0x9b, 0x06, 0xe9, 0xf8, 0xed, 0xb4, 0xda
.byte 0xce, 0x5a, 0x45, 0xb8, 0x5e, 0xf0, 0x40, 0xaf, 0x36, 0x5b, 0xa3, 0x13, 0xdb, 0x58, 0x62, 0x94
.byte 0x3a, 0x76, 0x38, 0x53, 0x10, 0x90, 0xac, 0xb5, 0xae, 0xcf, 0x78, 0xf0, 0x4e, 0xe2, 0x5e, 0xaf
.byte 0x5c, 0x7b, 0x93, 0xf6, 0xc3, 0x43, 0xfe, 0xdb, 0xed, 0x7a, 0x94, 0x2f, 0x41, 0x32, 0xd4, 0x2e
.byte 0x77, 0x17, 0xa5, 0x46, 0x85, 0x6f, 0xcf, 0xd7, 0x6f, 0x16, 0x42, 0x5e, 0xbb, 0x2f, 0x53, 0x6e
.byte 0x36, 0xc7, 0xaa, 0xb9, 0xc7, 0x6c, 0x81, 0xba, 0xcb, 0xde, 0x50, 0x05, 0xad, 0xc6, 0x31, 0xaf
.byte 0xc0, 0xb6, 0xcc, 0x80, 0x0e, 0xe2, 0xff, 0xef, 0x85, 0x48, 0xe9, 0x98, 0x38, 0xdd, 0x92, 0x22
.byte 0xfb, 0x37, 0xca, 0x9c, 0xc6, 0x37, 0x35, 0x69, 0x68, 0x4f, 0x60, 0xce, 0x06, 0x8d, 0x55, 0xbd
.byte 0x13, 0xda, 0xce, 0x11, 0xc0, 0x52, 0xb9, 0x2e, 0x9e, 0x61, 0x81, 0x16, 0xa0, 0xb2, 0x2b, 0xee
.byte 0x27, 0x31, 0x49, 0x72, 0x8d, 0x97, 0xa9, 0xb1, 0x3a, 0xeb, 0xd6, 0x4c, 0x84, 0x64, 0xe6, 0xeb
.byte 0x76, 0xb0, 0xf7, 0xf5, 0xbd, 0x94, 0xc6, 0xa6, 0x82, 0xef, 0x2c, 0x96, 0xe4, 0xe2, 0x32, 0xc2
.byte 0x4e, 0x08, 0x12, 0xe0, 0xfa, 0x74, 0xe6, 0x87, 0x33, 0x73, 0x0c, 0xd8, 0x75, 0xfa, 0x5a, 0x2b
.byte 0xbf, 0x09, 0xf4, 0xcd, 0x3e, 0xbd, 0x04, 0xbe, 0x12, 0xcb, 0x04, 0x12, 0x38, 0x4c, 0x56, 0x52
.byte 0x5d, 0x0c, 0x82, 0xa3, 0x8f, 0x14, 0x0a, 0x80, 0xd0, 0x67, 0xa2, 0x95, 0x81, 0x0e, 0xbc, 0xd3
.byte 0xa3, 0xec, 0x33, 0x4e, 0xc3, 0xd7, 0x5e, 0x8f, 0x39, 0x80, 0x3d, 0xa0, 0xdb, 0x76, 0x1d, 0x07
.byte 0xe2, 0x74, 0x98, 0x57, 0x46, 0xe2, 0xaa, 0xa7, 0xd9, 0xc2, 0x08, 0xa7, 0xf5, 0x09, 0x1f, 0xe6
.byte 0x41, 0x79, 0x5e, 0x4d, 0x88, 0x9e, 0x60, 0x28, 0x5d, 0x6d, 0x1c, 0x13, 0x08, 0x7d, 0xe3, 0xe5
.byte 0x94, 0xaa, 0x62, 0xd9, 0x90, 0x04, 0x8a, 0xb9, 0xc4, 0xb6, 0x43, 0xa3, 0x7d, 0xc0, 0xad, 0x83
.byte 0x8a, 0x05, 0xbe, 0x7b, 0x55, 0x57, 0x7a, 0x3f, 0x29, 0x42, 0x04, 0x66, 0xd5, 0x55, 0xe2, 0x24
.byte 0x1e, 0x37, 0xb1, 0x40, 0x0e, 0xdb, 0xe4, 0x99, 0xad, 0x83, 0x57, 0xee, 0x77, 0x75, 0xdd, 0x47
.byte 0x0a, 0x75, 0x89, 0x6a, 0xdb, 0xb9, 0xc4, 0xd3, 0xa0, 0x35, 0xad, 0xa1, 0x51, 0x1f, 0x59, 0xc8
.byte 0xcb, 0x32, 0xce, 0x41, 0xf3, 0xe6, 0xdf, 0x59, 0x7c, 0x31, 0xd2, 0x2d, 0xc3, 0xa1, 0xc4, 0xdd
.byte 0x59, 0x86, 0x13, 0x5e, 0xcf, 0x8f, 0x5c, 0xaa, 0x4c, 0x55, 0x80, 0xa9, 0x53, 0xf1, 0xf9, 0xff
.byte 0xfe, 0x6b, 0x7f, 0xce, 0xd9, 0xaf, 0x34, 0xc8, 0x27, 0xf1, 0xc1, 0x75, 0x90, 0xad, 0xfc, 0x62
.byte 0x1e, 0xa0, 0xf0, 0x41, 0xea, 0x68, 0x98, 0x5d, 0x24, 0x62, 0x53, 0x57, 0xe2, 0x42, 0xbf, 0xd7
.byte 0xb8, 0xf5, 0x23, 0x57, 0xfb, 0x88, 0x23, 0xd8, 0x7c, 0xd0, 0x7b, 0x03, 0x7f, 0xda, 0x69, 0x35
.byte 0x33, 0x54, 0x29, 0xc8, 0x91, 0xd5, 0x33, 0x1f, 0x80, 0x70, 0xd6, 0x11, 0x53, 0x50, 0x0a, 0xfe
.byte 0x6e, 0x02, 0xda, 0xa3, 0x4b, 0x6c, 0x38, 0xd4, 0x24, 0x91, 0xe9, 0xd6, 0xf6, 0xc8, 0xdb, 0xdf
.byte 0x5e, 0x89, 0x50, 0x90, 0xf0, 0x42, 0xb6, 0xea, 0xfb, 0x3c, 0x52, 0x73, 0xc6, 0x69, 0xb5, 0x76
.byte 0xe6, 0xa8, 0xe7, 0xdc, 0x9c, 0x2e, 0xfd, 0xf4, 0x89, 0xb8, 0x6a, 0x08, 0x45, 0xa4, 0x1e, 0x3d
.byte 0x63, 0x1d, 0xf0, 0xdf, 0x73, 0x4d, 0xa0, 0x33, 0x38, 0xbd, 0xc5, 0xf5, 0x52, 0x04, 0x01, 0x15
.byte 0x32, 0x4f, 0x75, 0xb2, 0x06, 0x63, 0xd0, 0x68, 0x0b, 0x60, 0xda, 0x76, 0xdd, 0xa1, 0xca, 0x75
.byte 0x7b, 0x41, 0x0c, 0x4b, 0xb5, 0x0b, 0x0a, 0x05, 0xd5, 0x98, 0xdd, 0xd6, 0x56, 0x98, 0xc6, 0x5d
.byte 0x88, 0xe6, 0x7d, 0x86, 0xab, 0xb7, 0xdd, 0x0e, 0xbd, 0xca, 0x06, 0xc7, 0x65, 0x37, 0x6e, 0x71
.byte 0x2e, 0x19, 0x3d, 0x8c, 0xe4, 0xb3, 0x2c, 0x1a, 0x8a, 0x8d, 0x10, 0x04, 0xab, 0xe0, 0xd7, 0x48
.byte 0xb9, 0xfc, 0x7b, 0xdc, 0xff, 0x06, 0x37, 0x6a, 0x5d, 0xc1, 0xf3, 0xd7, 0x71, 0x67, 0x06, 0x65
.byte 0xcc, 0x8c, 0xd0, 0x66, 0x03, 0xe6, 0x11, 0x04, 0x73, 0xf1, 0x17, 0x89, 0xa3, 0x87, 0x00, 0x92
.byte 0xac, 0xcb, 0x4b, 0x51, 0x4e, 0xcd, 0x99, 0x02, 0x59, 0xaf, 0x4e, 0x99, 0x3f, 0xea, 0xe1, 0xb8
.byte 0x8f, 0xc1, 0xc5, 0x79, 0xa7, 0x30, 0x50, 0x16, 0x95, 0x98, 0xf1, 0x2b, 0x42, 0x94, 0x58, 0x5a
.byte 0xe3, 0x5f, 0xfb, 0x0d, 0xd7, 0xfc, 0xd8, 0x79, 0x51, 0x27, 0x63, 0x14, 0x3f, 0x58, 0x90, 0x61
.byte 0x1b, 0x7d, 0x16, 0x27, 0x13, 0x74, 0x20, 0xea, 0x06, 0x96, 0xd4, 0xf5, 0x13, 0x51, 0xfc, 0x8e
.byte 0xfa, 0xea, 0x9f, 0x12, 0x88, 0x02, 0x22, 0x6d, 0x51, 0x1a, 0x34, 0x0a, 0x0c, 0x11, 0x3b, 0xf7
.byte 0xa5, 0x72, 0xab, 0xa4, 0x64, 0x26, 0xc9, 0xe8, 0x9a, 0x00, 0x4c, 0xe2, 0xac, 0x62, 0x4e, 0x5f
.byte 0x47, 0xa2, 0x3c, 0x44, 0x5d, 0xd9, 0x64, 0x35, 0xd7, 0x79, 0x14, 0xf2, 0x0e, 0xd0, 0xa9, 0x2a
.byte 0x69, 0x75, 0x99, 0xd7, 0xa3, 0x1f, 0x77, 0xb4, 0xa8, 0xd1, 0x0f, 0x0b, 0x54, 0xfb, 0x41, 0xe3
.byte 0x6f, 0x4a, 0x63, 0xb3, 0xa5, 0x5e, 0xc4, 0xd0, 0xdb, 0xd6, 0xea, 0xf8, 0x91, 0xe0, 0x3a, 0x88
.byte 0x56, 0xb6, 0x27, 0x24, 0x2a, 0xfb, 0x4e, 0x76, 0xd3, 0xad, 0x83, 0x22, 0x84, 0xaf, 0xea, 0x24
.byte 0x2f, 0x36, 0xc0, 0xf4, 0xa2, 0x4a, 0xe9, 0x1a, 0x61, 0xe5, 0xae, 0x3f, 0x56, 0xfd, 0x1c, 0x0a
.byte 0xce, 0x26, 0xcb, 0xe9, 0xe1, 0x26, 0x91, 0xce, 0xa2, 0x8d, 0x57, 0xf4, 0x3f, 0x91, 0x57, 0xa0
.byte 0xcf, 0x81, 0x73, 0x01, 0xd9, 0xbe, 0x91, 0xe8, 0xd5, 0x0a, 0xf8, 0xcf, 0xf2, 0x7f, 0xb9, 0xb4
.byte 0xfe, 0xd5, 0xe8, 0x1f, 0xda, 0x37, 0x57, 0x0c, 0xc2, 0x66, 0xef, 0x3c, 0xb3, 0xe0, 0xd3, 0xef
.byte 0xe5, 0x47, 0xea, 0x2e, 0xde, 0x7c, 0x47, 0xcf, 0x31, 0x6d, 0x62, 0x1a, 0xde, 0x96, 0x10, 0x80
.byte 0xed, 0xa1, 0xed, 0xb2, 0xd8, 0x79, 0xb7, 0x25, 0x54, 0x3b, 0x69, 0x68, 0x29, 0x88, 0x2c, 0x20
.byte 0x1e, 0x37, 0x3a, 0x31, 0x30, 0x6b, 0x45, 0xed, 0x0a, 0xdb, 0xf3, 0x47, 0x56, 0x1c, 0x41, 0x6d
.byte 0x66, 0x8b, 0xda, 0x43, 0x8a, 0x72, 0x77, 0x1e, 0x85, 0xf4, 0x91, 0x72, 0xfe, 0xf0, 0x96, 0x5a
.byte 0xde, 0x1a, 0x4b, 0xaa, 0x21, 0xdd, 0xf1, 0x72, 0xa3, 0x28, 0xcd, 0xc6, 0x47, 0x76, 0x10, 0xed
.byte 0x3b, 0x24, 0x03, 0xd2, 0x37, 0x6f, 0x02, 0x9e, 0xde, 0xac, 0x85, 0x04, 0x87, 0xba, 0xd4, 0x0b
.byte 0xc5, 0x43, 0x59, 0x8e, 0x58, 0x48, 0x12, 0xf1, 0x61, 0xf4, 0x6c, 0xf4, 0x0a, 0xa3, 0x44, 0x51
.byte 0xcd, 0xd0, 0x65, 0x60, 0x40, 0xd0, 0xe5, 0x3b, 0x43, 0x94, 0xed, 0xf8, 0x95, 0xfa, 0xbd, 0x82
.byte 0x26, 0x38, 0xec, 0x97, 0x40, 0xdc, 0xbd, 0xc5, 0x9b, 0x64, 0x1f, 0x66, 0x2a, 0x92, 0xfb, 0xff
.byte 0x46, 0x55, 0xa6, 0xbb, 0xf5, 0x53, 0x26, 0x2a, 0xb6, 0x94, 0x49, 0xfb, 0x71, 0xf9, 0xbf, 0xa8
.byte 0xd7, 0xdd, 0xa6, 0x4c, 0x62, 0xd9, 0x75, 0xa0, 0xc2, 0x48, 0x4d, 0x34, 0xb4, 0xa4, 0x0e, 0xfd
.byte 0x3a, 0x0b, 0x86, 0xb2, 0x0a, 0x50, 0xcc, 0xea, 0xfa, 0x9c, 0xe9, 0x87, 0xfc, 0x19, 0x8e, 0x9c
.byte 0xb9, 0xb4, 0x5b, 0x75, 0x13, 0x62, 0x95, 0xf0, 0x2a, 0x80, 0x58, 0x89, 0xf0, 0x40, 0x6c, 0xd2
.byte 0xd7, 0xd8, 0x6e, 0x35, 0x11, 0x81, 0xb5, 0x0b, 0x3e, 0x58, 0x23, 0x45, 0xe1, 0xc7, 0x1e, 0x51
.byte 0x5c, 0x84, 0xdc, 0xc1, 0x37, 0xd4, 0x34, 0x00, 0xd4, 0xf3, 0xf8, 0xc8, 0xa4, 0xd2, 0x6f, 0x90
.byte 0x86, 0xd5, 0x05, 0x14, 0xf9, 0x91, 0x11, 0x3c, 0xb5, 0xd0, 0x4c, 0xd4, 0xa0, 0x17, 0x30, 0xb3
.byte 0x38, 0x36, 0x9e, 0x37, 0x4e, 0x90, 0x3e, 0x50, 0x7b, 0xcd, 0x8b, 0xfb, 0x6d, 0xc4, 0xed, 0x99
.byte 0x3b, 0x7b, 0x86, 0x1a, 0x69, 0xdc, 0x91, 0x33, 0x5d, 0x42, 0xd2, 0x36, 0xf5, 0xd8, 0xf9, 0x17
.byte 0x78, 0x88, 0xa9, 0x0d, 0xef, 0xd9, 0xd5, 0x22, 0xd5, 0xdd, 0x89, 0xe7, 0xee, 0xff, 0x64, 0x4a
.byte 0xd2, 0x4a, 0x5b, 0xf1, 0x91, 0xa9, 0x6e, 0x22, 0x42, 0x97, 0x0a, 0x0c, 0x07, 0x0d, 0xbf, 0x8c
.byte 0xe9, 0x28, 0x01, 0xcf, 0x06, 0x46, 0x8f, 0x1e, 0x40, 0xaa, 0x3c, 0x8c, 0x07, 0xbd, 0xc3, 0xd8
.byte 0x96, 0x20, 0xcf, 0xc4, 0x6a, 0xe7, 0xc6, 0xdd, 0x3d, 0x76, 0x08, 0x87, 0x29, 0x91, 0xa7, 0x62
.byte 0xfe, 0x7a, 0x6c, 0xf7, 0xfb, 0xc2, 0x0a, 0x99, 0x6d, 0x6a, 0x84, 0x6e, 0x08, 0x3e, 0xfd, 0x33
.byte 0x1a, 0x2a, 0x73, 0x4d, 0xec, 0xd4, 0x52, 0x7b, 0x69, 0xc7, 0x16, 0x42, 0xbe, 0x30, 0x2d, 0x8c
.byte 0x7d, 0x11, 0xc5, 0xc8, 0x6a, 0x07, 0xd8, 0x71, 0xfb, 0x54, 0x64, 0xd6, 0x95, 0x7b, 0x3d, 0x17
.byte 0xda, 0x36, 0x3b, 0xf5, 0x92, 0xaf, 0x18, 0x1a, 0xeb, 0x40, 0x66, 0xe4, 0xaa, 0xae, 0xcf, 0x38
.byte 0x01, 0x79, 0x88, 0x91, 0xf8, 0x68, 0x31, 0xcc, 0x4a, 0x5b, 0x83, 0xa8, 0x4f, 0xd0, 0x30, 0x39
.byte 0x38, 0xba, 0xc9, 0x75, 0x61, 0xa0, 0x49, 0xf5, 0x39, 0x0b, 0x11, 0x44, 0x65, 0x56, 0xba, 0x04
.byte 0x6e, 0x33, 0x2a, 0x71, 0x79, 0x8e, 0x77, 0x97, 0xcc, 0x84, 0xd1, 0xf0, 0xc6, 0xb4, 0x53, 0x6c
.byte 0x65, 0xd9, 0xe0, 0xe1, 0x24, 0x10, 0xae, 0x57, 0x54, 0xb4, 0x92, 0x21, 0x44, 0x29, 0xdd, 0xc0
.byte 0x0f, 0xfb, 0xea, 0x4f, 0xeb, 0x4b, 0x67, 0x01, 0xdd, 0xdc, 0x9b, 0x13, 0xf5, 0x9f, 0x78, 0x63
.byte 0x40, 0xa1, 0x05, 0x95, 0xe8, 0xfc, 0xa6, 0xa9, 0xe9, 0x8d, 0xe3, 0x4d, 0xaa, 0xab, 0x88, 0x1a
.byte 0x29, 0x3e, 0x97, 0x88, 0x3e, 0x00, 0xed, 0xfa, 0x3a, 0x60, 0x9a, 0x57, 0x7b, 0xd2, 0x81, 0x49
.byte 0x2b, 0x13, 0x4d, 0x73, 0x73, 0x59, 0x9a, 0xbf, 0x2c, 0x3d, 0xb4, 0x2b, 0x02, 0x01, 0xa0, 0x81
.byte 0xfa, 0x89, 0x22, 0xe0, 0x82, 0x35, 0xd9, 0x01, 0x40, 0x4a, 0x7f, 0x28, 0x95, 0xb2, 0x78, 0x17
.byte 0x40, 0xd9, 0xcb, 0x0d, 0x0b, 0xbb, 0x23, 0x17, 0x5b, 0xe4, 0xf3, 0xba, 0xe3, 0x60, 0x05, 0x51
.byte 0x67, 0xee, 0x11, 0x85, 0xa5, 0xe5, 0xdd, 0xb2, 0x1d, 0x6d, 0x26, 0x8a, 0xae, 0x56, 0x37, 0xc9
.byte 0xa6, 0x83, 0x37, 0xe4, 0xb9, 0x1a, 0x0d, 0xe2, 0xed, 0x40, 0xaa, 0x1a, 0xb2, 0x1e, 0x0d, 0x56
.byte 0x20, 0xdc, 0xe9, 0x2e, 0x02, 0xe3, 0x4b, 0x42, 0xa2, 0x3b, 0xe5, 0x75, 0x8f, 0x60, 0x5c, 0x4e
.byte 0xb8, 0x0a, 0x0e, 0x4c, 0xca, 0x09, 0x47, 0x8e, 0x40, 0xd8, 0x44, 0x1e, 0x68, 0x78, 0xc2, 0xdb
.byte 0xd1, 0x85, 0x8d, 0x3d, 0x22, 0xea, 0xab, 0xf5, 0x87, 0x78, 0xa9, 0x05, 0xf7, 0x4e, 0x4d, 0x70
.byte 0x0f, 0xc1, 0x5e, 0x9b, 0xb2, 0x02, 0x0d, 0xbb, 0x74, 0xd7, 0xfe, 0x1a, 0xae, 0xb5, 0x7e, 0xdf
.byte 0x6c, 0xf1, 0x88, 0x1f, 0xb9, 0x10, 0x37, 0xd9, 0x31, 0x18, 0xe9, 0x92, 0x51, 0x4b, 0x68, 0xbb
.byte 0xfb, 0xa6, 0xd0, 0xfd, 0x4f, 0xe1, 0xdf, 0x24, 0x6a, 0xbf, 0xbe, 0x7d, 0x27, 0xe2, 0xdc, 0x6c
.byte 0xda, 0x06, 0x46, 0xfc, 0x66, 0xf0, 0xb1, 0x17, 0xbe, 0x7f, 0x43, 0xbd, 0x73, 0x9c, 0xce, 0xc9
.byte 0xe3, 0x12, 0xba, 0x4d, 0xd9, 0xf9, 0x67, 0x78, 0x08, 0x7d, 0x6c, 0xa9, 0xdd, 0xc9, 0x21, 0x9c
.byte 0x63, 0x8b, 0x77, 0x99, 0xc8, 0xea, 0xb9, 0x03, 0x46, 0xdf, 0x14, 0xca, 0xfa, 0x62, 0xbb, 0xbb
.byte 0x69, 0x69, 0xcf, 0x31, 0x74, 0xe5, 0x9f, 0xa9, 0xd5, 0x24, 0x96, 0x93, 0x5a, 0x21, 0xa2, 0xef
.byte 0x01, 0x7f, 0x8d, 0x5c, 0x16, 0xf6, 0x7f, 0x55, 0xe0, 0xb2, 0xf5, 0xbd, 0xfe, 0xe4, 0xbb, 0x74
.byte 0x6d, 0x00, 0x50, 0x40, 0x85, 0x29, 0xec, 0x20, 0xe5, 0x07, 0x9c, 0xab, 0x06, 0x8d, 0x1a, 0xa1
.byte 0x5b, 0xf6, 0x56, 0xdd, 0x2d, 0xc4, 0x78, 0xc5, 0xaf, 0x99, 0xca, 0xe9, 0x94, 0x5a, 0x0a, 0x72
.byte 0xd8, 0x89, 0x93, 0x92, 0xc2, 0x94, 0x92, 0xbf, 0x4d, 0x1f, 0x59, 0x9e, 0x89, 0x75, 0x0b, 0x54
.byte 0x72, 0xe0, 0x62, 0x74, 0xe7, 0xdc, 0x45, 0xe8, 0x3f, 0x62, 0xca, 0xef, 0x16, 0x62, 0xa1, 0x1b
.byte 0x31, 0xac, 0x1c, 0x85, 0xc8, 0xd1, 0xfc, 0x02, 0xcd, 0x17, 0xc9, 0x10, 0x26, 0x2b, 0x84, 0xea
.byte 0x74, 0x44, 0xb4, 0xda, 0x41, 0x92, 0x32, 0x5d, 0x6e, 0x9d, 0x63, 0xe2, 0xa8, 0x27, 0xf1, 0x75
.byte 0xdc, 0x08, 0x53, 0xb3, 0xb3, 0x0f, 0x35, 0xc4, 0x6e, 0x82, 0x95, 0x38, 0xc1, 0xa4, 0x3d, 0x1e
.byte 0x0d, 0xc5, 0xad, 0x73, 0xe5, 0x7c, 0x49, 0xdf, 0x5a, 0x83, 0xc2, 0x97, 0x76, 0xba, 0x2f, 0xfc
.byte 0xd0, 0xdd, 0xec, 0xaa, 0x84, 0x70, 0xa0, 0xaa, 0x0f, 0x4b, 0x04, 0x27, 0x70, 0xe9, 0x0a, 0x9e
.byte 0x4b, 0xc6, 0xbc, 0xfc, 0xf0, 0x6c, 0x82, 0x12, 0x45, 0xf6, 0x9d, 0x35, 0x04, 0x4e, 0xb4, 0xbb
.byte 0xe8, 0x24, 0x6b, 0x9b, 0xa5, 0x6f, 0x39, 0xe3, 0xf3, 0x44, 0xfd, 0xfd, 0xf1, 0x97, 0x52, 0x8d
.byte 0x0e, 0xf8, 0x79, 0x94, 0xd4, 0x75, 0x53, 0x24, 0x46, 0x8c, 0x83, 0x6f, 0xc7, 0xd3, 0x84, 0x9a
.byte 0x66, 0xff, 0xa9, 0x5a, 0x86, 0x10, 0xc3, 0x68, 0x8f, 0x1d, 0x9f, 0x59, 0xb7, 0xdf, 0x8a, 0xa4
.byte 0x07, 0xef, 0xaf, 0x7e, 0xb0, 0x18, 0x8b, 0x53, 0xfd, 0x93, 0x0f, 0x40, 0xba, 0x22, 0x4c, 0xdd
.byte 0xed, 0x87, 0x0d, 0xad, 0xc9, 0x3f, 0xe8, 0x5c, 0x98, 0xda, 0x81, 0x01, 0xf9, 0xfa, 0xf4, 0xd3
.byte 0xa3, 0xd0, 0x8a, 0x03, 0x61, 0xd8, 0x45, 0x65, 0x8d, 0x65, 0x69, 0x1c, 0x6f, 0xd0, 0x61, 0xf3
.byte 0x3c, 0xb1, 0x76, 0xa8, 0x66, 0xed, 0xb5, 0x9d, 0xdf, 0x25, 0x77, 0x1f, 0x16, 0xa4, 0xc4, 0x91
.byte 0x41, 0x92, 0x44, 0x3d, 0x65, 0xf2, 0x59, 0x10, 0x11, 0x83, 0x5e, 0x5b, 0x3b, 0x0b, 0xb2, 0xbf
.byte 0x8a, 0xe3, 0xe9, 0xfe, 0x27, 0xbc, 0x43, 0x70, 0x21, 0x77, 0x52, 0x5d, 0xcf, 0xb7, 0x69, 0xda
.byte 0x0b, 0xe6, 0x9b, 0x1e, 0x80, 0x83, 0x67, 0x75, 0xe6, 0xc6, 0x91, 0x9f, 0x06, 0x15, 0x24, 0x65
.byte 0x78, 0x02, 0x02, 0x32, 0xd1, 0x5c, 0xaf, 0x6c, 0x7f, 0xe7, 0x12, 0x1a, 0xfb, 0x5d, 0xa1, 0x59
.byte 0x78, 0x77, 0xa0, 0xe0, 0xc1, 0xd9, 0xb7, 0x33, 0xa3, 0xad, 0xc0, 0xdd, 0x67, 0x30, 0x1d, 0x7b
.byte 0x44, 0xaf, 0x87, 0xd9, 0x19, 0x82, 0xfd, 0xaf, 0x65, 0x25, 0xa4, 0x48, 0xc8, 0xe2, 0xe5, 0x75
.byte 0x9f, 0xdb, 0x81, 0x2e, 0x09, 0xa8, 0xe6, 0x34, 0x21, 0xb8, 0xf7, 0x3e, 0x8c, 0x88, 0xfd, 0xe2
.byte 0x1f, 0x4a, 0x22, 0x47, 0x6d, 0x65, 0x54, 0x55, 0xe2, 0x81, 0x18, 0x27, 0x35, 0x6a, 0x78, 0x28
.byte 0xce, 0x94, 0xd8, 0x52, 0x7c, 0x7b, 0xb2, 0xba, 0x4f, 0xc6, 0xe5, 0xa3, 0xe7, 0xb9, 0xa2, 0xf6
.byte 0x2e, 0xf9, 0x13, 0x61, 0x40, 0x63, 0x60, 0x9a, 0xa6, 0x42, 0xa6, 0xdd, 0x65, 0x95, 0xd2, 0x31
.byte 0xb4, 0xc5, 0x10, 0xdc, 0xe7, 0x6d, 0x92, 0x54, 0x3d, 0x60, 0x22, 0x1a, 0x68, 0x95, 0xb6, 0xaf
.byte 0xf1, 0x65, 0xed, 0xa4, 0xdb, 0x3a, 0x17, 0x70, 0xbf, 0xf4, 0x4c, 0x80, 0xc2, 0x20, 0x26, 0x20
.byte 0x01, 0x73, 0x17, 0x38, 0xf8, 0x92, 0xaf, 0xd7, 0x8f, 0x70, 0x3a, 0x6a, 0x6a, 0xdd, 0xb0, 0xcf
.byte 0x17, 0xca, 0x07, 0x65, 0x76, 0xf4, 0xa4, 0x3e, 0xb6, 0xc0, 0x83, 0xd8, 0x9e, 0x5e, 0x2a, 0x7b
.byte 0x8d, 0xf8, 0xa4, 0x69, 0x47, 0xc9, 0xec, 0x72, 0x97, 0xb0, 0x20, 0x5c, 0x53, 0xa5, 0xbf, 0x7f
.byte 0x66, 0xbf, 0x44, 0xc7, 0xc4, 0xff, 0x47, 0xd8, 0x7b, 0xfb, 0x84, 0xab, 0xf9, 0x40, 0x0c, 0xce
.byte 0x02, 0xd7, 0xd4, 0x77, 0x5d, 0xb4, 0x3f, 0x75, 0xf6, 0xaa, 0xc3, 0xa3, 0xe1, 0xf4, 0xdc, 0xed
.byte 0x90, 0xae, 0x90, 0x33, 0xbf, 0x89, 0x3e, 0xb3, 0x39, 0x89, 0x6a, 0x0a, 0xb3, 0x34, 0x19, 0x52
.byte 0x9b, 0xae, 0xf7, 0x46, 0x65, 0xbb, 0xe9, 0x26, 0xd4, 0xf9, 0xac, 0xd0, 0xa5, 0x0c, 0x53, 0x2c
.byte 0x07, 0xe5, 0x94, 0x16, 0x11, 0xda, 0x67, 0x51, 0xce, 0xbf, 0x80, 0x43, 0x5b, 0xf6, 0x13, 0x32
.byte 0x0b, 0xbd, 0xc8, 0x69, 0x13, 0x71, 0x76, 0x90, 0x50, 0xed, 0x1a, 0xa8, 0x5c, 0xe1, 0x07, 0x27
.byte 0x37, 0x07, 0x3d, 0x87, 0xae, 0xc9, 0xc7, 0x37, 0x78, 0xb7, 0x1b, 0x27, 0xfe, 0x91, 0xec, 0xe6
.byte 0xb4, 0x8b, 0x44, 0x3c, 0x1b, 0x0b, 0xcb, 0x1d, 0x59, 0xfc, 0x47, 0x6a, 0xe8, 0xd5, 0xd7, 0x03
.byte 0x8f, 0xcc, 0x35, 0xcf, 0x71, 0xcc, 0x66, 0x92, 0xe0, 0x5e, 0xba, 0x89, 0x33, 0x14, 0x83, 0x23
.byte 0x30, 0xaa, 0xf2, 0xef, 0xdd, 0xa5, 0x90, 0xd8, 0x68, 0xaa, 0x31, 0xc6, 0xe4, 0x09, 0x44, 0x42
.byte 0x53, 0xd6, 0xd1, 0x49, 0x40, 0xb6, 0x04, 0xbf, 0x2c, 0x1c, 0x17, 0x1c, 0x23, 0xa1, 0x39, 0x38
.byte 0x02, 0x2a, 0xf5, 0x56, 0xd6, 0xf6, 0xae, 0x1d, 0x09, 0x19, 0x57, 0x44, 0xed, 0xe5, 0xd2, 0x92
.byte 0xf1, 0x7a, 0x36, 0x28, 0xe0, 0x21, 0xe3, 0x98, 0xf9, 0x4e, 0xc5, 0x3c, 0x61, 0x9d, 0xf5, 0xef
.byte 0x77, 0x42, 0x47, 0x99, 0x03, 0xc5, 0xc1, 0x45, 0x0f, 0xef, 0x0c, 0x6c, 0x3d, 0xb5, 0xba, 0xb9
.byte 0x43, 0xc5, 0xc8, 0x0f, 0xa9, 0x40, 0xf8, 0xe0, 0x90, 0x4e, 0x0d, 0x3c, 0xe1, 0xb7, 0xa2, 0x0e
.byte 0x08, 0xd2, 0xc6, 0xf2, 0xe1, 0xda, 0xd8, 0x7b, 0xf7, 0x39, 0xe9, 0x66, 0xa6, 0x45, 0x4b, 0xb4
.byte 0xbe, 0xc0, 0xa3, 0x8d, 0x13, 0x11, 0xce, 0x5e, 0x87, 0x4e, 0x6b, 0x0f, 0xb5, 0x8b, 0x7e, 0xbc
.byte 0x19, 0x95, 0x80, 0xa2, 0xa4, 0x51, 0x21, 0xd2, 0x06, 0x25, 0x15, 0xd1, 0xdd, 0xbb, 0xf7, 0xbb
.byte 0x88, 0x3e, 0x9e, 0x0b, 0xab, 0xd7, 0xb7, 0x78, 0x5b, 0xca, 0xd6, 0xd1, 0x74, 0xa2, 0xe3, 0xfc
.byte 0x94, 0x35, 0x55, 0xca, 0x89, 0xf6, 0xb8, 0xc0, 0x20, 0x32, 0x98, 0x95, 0x38, 0xb4, 0xb6, 0xbd
.byte 0x8c, 0x80, 0x7a, 0x36, 0x15, 0x7d, 0x66, 0x76, 0xb1, 0xf1, 0xd4, 0x9c, 0xab, 0x55, 0x0d, 0xa9
.byte 0xcf, 0x1e, 0x46, 0x0b, 0x42, 0xac, 0x4e, 0x53, 0xf7, 0xff, 0x2f, 0x91, 0x54, 0xa1, 0x55, 0x7e
.byte 0xfa, 0xc5, 0xba, 0x44, 0xe3, 0xe1, 0x60, 0xd9, 0x76, 0x16, 0x92, 0xad, 0x1d, 0xc2, 0xe0, 0x38
.byte 0x6b, 0xa8, 0x7b, 0x7a, 0x30, 0x1e, 0x2e, 0xa3, 0xca, 0x20, 0xde, 0xf4, 0x39, 0xb1, 0xea, 0x3a
.byte 0x38, 0xd3, 0xbf, 0x3f, 0xb0, 0xd7, 0xb8, 0x0d, 0x8e, 0x1d, 0x25, 0x0e, 0x96, 0x65, 0xb2, 0x86
.byte 0x54, 0x8e, 0xd3, 0x47, 0xda, 0xbd, 0x26, 0x20, 0xf0, 0x91, 0x22, 0xbb, 0x16, 0x0d, 0xdc, 0x0c
.byte 0xfc, 0xe2, 0x3c, 0x3e, 0x1c, 0xb9, 0xb9, 0x68, 0x26, 0xc1, 0x00, 0xbd, 0x11, 0x2d, 0xb3, 0x71
.byte 0x03, 0xff, 0xc5, 0x06, 0x95, 0xcd, 0x44, 0x8a, 0x0b, 0x31, 0x84, 0x5a, 0x85, 0x1c, 0x6d, 0x1c
.byte 0x6a, 0xc8, 0xd8, 0x5b, 0x31, 0x6a, 0x7a, 0xe1, 0xe5, 0xfe, 0x70, 0x8e, 0x46, 0x4e, 0x3b, 0x95
.byte 0x5d, 0xb6, 0x1b, 0xee, 0x74, 0xf6, 0xed, 0xce, 0x1d, 0x86, 0x39, 0x53, 0x53, 0x81, 0xf9, 0x86
.byte 0xa5, 0x2f, 0xe0, 0xaa, 0x24, 0x8a, 0x22, 0x9a, 0x2b, 0x1a, 0x18, 0x1a, 0x28, 0x6d, 0xd6, 0xb2
.byte 0x04, 0x98, 0x88, 0xa3, 0x37, 0xb9, 0x7b, 0xe9, 0xee, 0x53, 0xfd, 0x71, 0xbd, 0xee, 0x2d, 0xc4
.byte 0xc4, 0x50, 0xf5, 0x25, 0x35, 0x27, 0xe3, 0x68, 0xfb, 0x00, 0x92, 0xeb, 0x2d, 0xd2, 0xba, 0x40
.byte 0xa0, 0x3d, 0x55, 0x3d, 0x2e, 0x31, 0xe9, 0x76, 0x76, 0x5f, 0x67, 0x8b, 0x40, 0x01, 0xf5, 0x9a
.byte 0x57, 0x55, 0x66, 0xab, 0x54, 0x8c, 0x76, 0x43, 0x98, 0xcf, 0x3a, 0x70, 0x15

.global _binary_bubu_happy1_ogg_end
_binary_bubu_happy1_ogg_end: /* for objcopy compatibility */


.global bubu_happy1_ogg_length
bubu_happy1_ogg_length:
.long 16621

#if defined (__linux__)
.section .note.GNU-stack,"",@progbits
#endif
